date,ordenes_pais_forecast,city_name,share_ciudad,ordenes_ciudad_forecast,job_name
2026-04-12,45509.14142926522,Antigua guatemala,0.042788703191280524,1947.2771451068375,forecast_share_ciudad_desde_pais_future
2026-04-12,45509.14142926522,Barberena,0.007709270257293406,350.84227045559345,forecast_share_ciudad_desde_pais_future
2026-04-12,45509.14142926522,Chimaltenango,0.020303664232696438,924.0023270980959,forecast_share_ciudad_desde_pais_future
2026-04-12,45509.14142926522,Chiquimula,0.016735196937401352,761.6044442708043,forecast_share_ciudad_desde_pais_future
2026-04-12,45509.14142926522,Ciudad de guatemala,0.7180602606669588,32678.305957427678,forecast_share_ciudad_desde_pais_future
2026-04-12,45509.14142926522,Coatepeque,0.005187850706249988,236.09463150464416,forecast_share_ciudad_desde_pais_future
2026-04-12,45509.14142926522,Coban,0.015844578947265927,721.0731841982832,forecast_share_ciudad_desde_pais_future
2026-04-12,45509.14142926522,Escuintla,0.012990161196373116,591.1710830746972,forecast_share_ciudad_desde_pais_future
2026-04-12,45509.14142926522,Huehuetenango,0.03107120012640627,1414.0236409296263,forecast_share_ciudad_desde_pais_future
2026-04-12,45509.14142926522,Jalapa,0.011362743542110199,517.1087028823631,forecast_share_ciudad_desde_pais_future
2026-04-12,45509.14142926522,Jutiapa,0.014837589845184277,675.2459747339207,forecast_share_ciudad_desde_pais_future
2026-04-12,45509.14142926522,Mazatenango,0.020444115592601633,930.3941478999541,forecast_share_ciudad_desde_pais_future
2026-04-12,45509.14142926522,Quetzaltenango,0.07040297470435002,3203.9789328612464,forecast_share_ciudad_desde_pais_future
2026-04-12,45509.14142926522,Retalhuleu,0.011379029823490296,517.8498775650467,forecast_share_ciudad_desde_pais_future
2026-04-12,45509.14142926522,Santa lucía cotzumalguapa,0.0008826602303376,40.16910925642165,forecast_share_ciudad_desde_pais_future
2026-04-13,37914.304177514314,Antigua guatemala,0.03387629611276714,1284.3961952269992,forecast_share_ciudad_desde_pais_future
2026-04-13,37914.304177514314,Barberena,0.006879674617889882,260.83807610500156,forecast_share_ciudad_desde_pais_future
2026-04-13,37914.304177514314,Chimaltenango,0.017257315401193653,654.2991054081587,forecast_share_ciudad_desde_pais_future
2026-04-13,37914.304177514314,Chiquimula,0.01725054754375387,654.0425068025567,forecast_share_ciudad_desde_pais_future
2026-04-13,37914.304177514314,Ciudad de guatemala,0.7293558699970144,27653.02030872239,forecast_share_ciudad_desde_pais_future
2026-04-13,37914.304177514314,Coatepeque,0.005235722472747962,198.50877442081364,forecast_share_ciudad_desde_pais_future
2026-04-13,37914.304177514314,Coban,0.014478339319451451,548.9361609429479,forecast_share_ciudad_desde_pais_future
2026-04-13,37914.304177514314,Escuintla,0.013804731808327819,523.3968008699482,forecast_share_ciudad_desde_pais_future
2026-04-13,37914.304177514314,Huehuetenango,0.028900889303432566,1095.757108051012,forecast_share_ciudad_desde_pais_future
2026-04-13,37914.304177514314,Jalapa,0.010515665853527372,398.6941537997375,forecast_share_ciudad_desde_pais_future
2026-04-13,37914.304177514314,Jutiapa,0.01566413582522577,593.894810355509,forecast_share_ciudad_desde_pais_future
2026-04-13,37914.304177514314,Mazatenango,0.02058010575425174,780.2803895721131,forecast_share_ciudad_desde_pais_future
2026-04-13,37914.304177514314,Quetzaltenango,0.07424106638202223,2814.7983732710227,forecast_share_ciudad_desde_pais_future
2026-04-13,37914.304177514314,Retalhuleu,0.010792665902677813,409.1964179204137,forecast_share_ciudad_desde_pais_future
2026-04-13,37914.304177514314,Santa lucía cotzumalguapa,0.0011669737057164401,44.24499604569419,forecast_share_ciudad_desde_pais_future
2026-04-14,38142.09080920621,Antigua guatemala,0.03282425621274535,1251.9857612111844,forecast_share_ciudad_desde_pais_future
2026-04-14,38142.09080920621,Barberena,0.0067831892360867676,258.7250198188516,forecast_share_ciudad_desde_pais_future
2026-04-14,38142.09080920621,Chimaltenango,0.017671575447043456,674.0308354428703,forecast_share_ciudad_desde_pais_future
2026-04-14,38142.09080920621,Chiquimula,0.01735339102432177,661.8946162973449,forecast_share_ciudad_desde_pais_future
2026-04-14,38142.09080920621,Ciudad de guatemala,0.72971155469757,27832.724383801757,forecast_share_ciudad_desde_pais_future
2026-04-14,38142.09080920621,Coatepeque,0.00527454996050349,201.18236357121913,forecast_share_ciudad_desde_pais_future
2026-04-14,38142.09080920621,Coban,0.014231346651863517,542.813316332671,forecast_share_ciudad_desde_pais_future
2026-04-14,38142.09080920621,Escuintla,0.013509061036571835,515.2638328040323,forecast_share_ciudad_desde_pais_future
2026-04-14,38142.09080920621,Huehuetenango,0.028478397007194112,1086.2256047490241,forecast_share_ciudad_desde_pais_future
2026-04-14,38142.09080920621,Jalapa,0.010578812254376868,403.498017659986,forecast_share_ciudad_desde_pais_future
2026-04-14,38142.09080920621,Jutiapa,0.016022512921729647,611.1321428522921,forecast_share_ciudad_desde_pais_future
2026-04-14,38142.09080920621,Mazatenango,0.020523655631389862,782.8151368293485,forecast_share_ciudad_desde_pais_future
2026-04-14,38142.09080920621,Quetzaltenango,0.07548085306946739,2878.9975521319766,forecast_share_ciudad_desde_pais_future
2026-04-14,38142.09080920621,Retalhuleu,0.010556196596853735,402.6354091970287,forecast_share_ciudad_desde_pais_future
2026-04-14,38142.09080920621,Santa lucía cotzumalguapa,0.0010006482522821557,38.16681650661947,forecast_share_ciudad_desde_pais_future
2026-04-15,37738.65264288114,Antigua guatemala,0.03328991628366313,1256.3165871397555,forecast_share_ciudad_desde_pais_future
2026-04-15,37738.65264288114,Barberena,0.006755319261667707,254.93664710784188,forecast_share_ciudad_desde_pais_future
2026-04-15,37738.65264288114,Chimaltenango,0.01724608215214886,650.8439037905379,forecast_share_ciudad_desde_pais_future
2026-04-15,37738.65264288114,Chiquimula,0.01689917422019962,637.7520658476452,forecast_share_ciudad_desde_pais_future
2026-04-15,37738.65264288114,Ciudad de guatemala,0.731464935283733,27604.501113120336,forecast_share_ciudad_desde_pais_future
2026-04-15,37738.65264288114,Coatepeque,0.005006846560396231,188.95164317899756,forecast_share_ciudad_desde_pais_future
2026-04-15,37738.65264288114,Coban,0.014323415053997542,540.5463853826278,forecast_share_ciudad_desde_pais_future
2026-04-15,37738.65264288114,Escuintla,0.013229041957277216,499.2462192237853,forecast_share_ciudad_desde_pais_future
2026-04-15,37738.65264288114,Huehuetenango,0.02874276055944153,1084.713056750268,forecast_share_ciudad_desde_pais_future
2026-04-15,37738.65264288114,Jalapa,0.010386322137161246,391.96580337139517,forecast_share_ciudad_desde_pais_future
2026-04-15,37738.65264288114,Jutiapa,0.015668024604304144,591.2901381419493,forecast_share_ciudad_desde_pais_future
2026-04-15,37738.65264288114,Mazatenango,0.02025782470381362,764.5030097975987,forecast_share_ciudad_desde_pais_future
2026-04-15,37738.65264288114,Quetzaltenango,0.07521807282127557,2838.6287226690574,forecast_share_ciudad_desde_pais_future
2026-04-15,37738.65264288114,Retalhuleu,0.010394277717949398,392.26603627133164,forecast_share_ciudad_desde_pais_future
2026-04-15,37738.65264288114,Santa lucía cotzumalguapa,0.0011179866829712096,42.19131108801736,forecast_share_ciudad_desde_pais_future
2026-04-16,41151.10617474913,Antigua guatemala,0.03211219168814103,1321.452209662588,forecast_share_ciudad_desde_pais_future
2026-04-16,41151.10617474913,Barberena,0.006950660962261953,286.02738724272564,forecast_share_ciudad_desde_pais_future
2026-04-16,41151.10617474913,Chimaltenango,0.017972628734067568,739.5935532749616,forecast_share_ciudad_desde_pais_future
2026-04-16,41151.10617474913,Chiquimula,0.01657567687388118,682.1074389554183,forecast_share_ciudad_desde_pais_future
2026-04-16,41151.10617474913,Ciudad de guatemala,0.7314767148274656,30101.075956221728,forecast_share_ciudad_desde_pais_future
2026-04-16,41151.10617474913,Coatepeque,0.005105333414202962,210.09011738536057,forecast_share_ciudad_desde_pais_future
2026-04-16,41151.10617474913,Coban,0.014243253116356625,586.1256212650179,forecast_share_ciudad_desde_pais_future
2026-04-16,41151.10617474913,Escuintla,0.012974105228845359,533.8987817945832,forecast_share_ciudad_desde_pais_future
2026-04-16,41151.10617474913,Huehuetenango,0.02879147334354823,1184.8009764878127,forecast_share_ciudad_desde_pais_future
2026-04-16,41151.10617474913,Jalapa,0.010590717810520936,435.81975308755375,forecast_share_ciudad_desde_pais_future
2026-04-16,41151.10617474913,Jutiapa,0.015264127242339947,628.1357208144119,forecast_share_ciudad_desde_pais_future
2026-04-16,41151.10617474913,Mazatenango,0.020997421713526056,864.0671303292936,forecast_share_ciudad_desde_pais_future
2026-04-16,41151.10617474913,Quetzaltenango,0.07537364329579697,3101.7087980430097,forecast_share_ciudad_desde_pais_future
2026-04-16,41151.10617474913,Retalhuleu,0.010558539775465855,434.49559135050725,forecast_share_ciudad_desde_pais_future
2026-04-16,41151.10617474913,Santa lucía cotzumalguapa,0.0010135119735797979,41.7071388341618,forecast_share_ciudad_desde_pais_future
2026-04-17,43990.2880116607,Antigua guatemala,0.032730655852773266,1439.830977774044,forecast_share_ciudad_desde_pais_future
2026-04-17,43990.2880116607,Barberena,0.0065203054577212365,286.83011500916035,forecast_share_ciudad_desde_pais_future
2026-04-17,43990.2880116607,Chimaltenango,0.017168753182943777,755.2583973188131,forecast_share_ciudad_desde_pais_future
2026-04-17,43990.2880116607,Chiquimula,0.014727684329312395,647.8750753912742,forecast_share_ciudad_desde_pais_future
2026-04-17,43990.2880116607,Ciudad de guatemala,0.747140547114288,32866.92785274728,forecast_share_ciudad_desde_pais_future
2026-04-17,43990.2880116607,Coatepeque,0.0046317999955189345,203.75421581528664,forecast_share_ciudad_desde_pais_future
2026-04-17,43990.2880116607,Coban,0.013525427581199624,594.9874547778307,forecast_share_ciudad_desde_pais_future
2026-04-17,43990.2880116607,Escuintla,0.01224234343027469,538.5442134354458,forecast_share_ciudad_desde_pais_future
2026-04-17,43990.2880116607,Huehuetenango,0.027660568728750962,1216.7963849440903,forecast_share_ciudad_desde_pais_future
2026-04-17,43990.2880116607,Jalapa,0.009735636472505811,428.273452402359,forecast_share_ciudad_desde_pais_future
2026-04-17,43990.2880116607,Jutiapa,0.01437112576511403,632.1899614591639,forecast_share_ciudad_desde_pais_future
2026-04-17,43990.2880116607,Mazatenango,0.01970662031773457,866.8999035135881,forecast_share_ciudad_desde_pais_future
2026-04-17,43990.2880116607,Quetzaltenango,0.06911486949005334,3040.3830147557874,forecast_share_ciudad_desde_pais_future
2026-04-17,43990.2880116607,Retalhuleu,0.009701180029211687,426.75770353799305,forecast_share_ciudad_desde_pais_future
2026-04-17,43990.2880116607,Santa lucía cotzumalguapa,0.0010224822525976137,44.97928877858063,forecast_share_ciudad_desde_pais_future
2026-04-18,46336.65084972461,Antigua guatemala,0.03486795586179887,1615.6642966117827,forecast_share_ciudad_desde_pais_future
2026-04-18,46336.65084972461,Barberena,0.0072658974669982486,336.6773540381963,forecast_share_ciudad_desde_pais_future
2026-04-18,46336.65084972461,Chimaltenango,0.019851457964195067,919.8500765448917,forecast_share_ciudad_desde_pais_future
2026-04-18,46336.65084972461,Chiquimula,0.015392791369734817,713.2503993020565,forecast_share_ciudad_desde_pais_future
2026-04-18,46336.65084972461,Ciudad de guatemala,0.7251491661715674,33600.98372686085,forecast_share_ciudad_desde_pais_future
2026-04-18,46336.65084972461,Coatepeque,0.00513820934015736,238.08741218766548,forecast_share_ciudad_desde_pais_future
2026-04-18,46336.65084972461,Coban,0.014816389183789651,686.5418524628973,forecast_share_ciudad_desde_pais_future
2026-04-18,46336.65084972461,Escuintla,0.013086867533301032,606.4016116071667,forecast_share_ciudad_desde_pais_future
2026-04-18,46336.65084972461,Huehuetenango,0.030844672634748004,1429.2388264503736,forecast_share_ciudad_desde_pais_future
2026-04-18,46336.65084972461,Jalapa,0.010893051349216464,504.7475170567649,forecast_share_ciudad_desde_pais_future
2026-04-18,46336.65084972461,Jutiapa,0.015383543898371512,712.8219024502522,forecast_share_ciudad_desde_pais_future
2026-04-18,46336.65084972461,Mazatenango,0.020939970953365344,970.2881228694649,forecast_share_ciudad_desde_pais_future
2026-04-18,46336.65084972461,Quetzaltenango,0.07506036168315901,3478.0457719665865,forecast_share_ciudad_desde_pais_future
2026-04-18,46336.65084972461,Retalhuleu,0.010293758925974691,476.9783132841255,forecast_share_ciudad_desde_pais_future
2026-04-18,46336.65084972461,Santa lucía cotzumalguapa,0.0010159056636225218,47.07366603153457,forecast_share_ciudad_desde_pais_future
2026-04-19,45453.26512363101,Antigua guatemala,0.042788703191280524,1944.88627044963,forecast_share_ciudad_desde_pais_future
2026-04-19,45453.26512363101,Barberena,0.007709270257293406,350.41150491448025,forecast_share_ciudad_desde_pais_future
2026-04-19,45453.26512363101,Chimaltenango,0.020303664232696438,922.8678333499354,forecast_share_ciudad_desde_pais_future
2026-04-19,45453.26512363101,Chiquimula,0.016735196937401352,760.6693432918814,forecast_share_ciudad_desde_pais_future
2026-04-19,45453.26512363101,Ciudad de guatemala,0.7180602606669588,32638.183402838873,forecast_share_ciudad_desde_pais_future
2026-04-19,45453.26512363101,Coatepeque,0.005187850706249988,235.8047535729971,forecast_share_ciudad_desde_pais_future
2026-04-19,45453.26512363101,Coban,0.015844578947265927,720.1878476623806,forecast_share_ciudad_desde_pais_future
2026-04-19,45453.26512363101,Escuintla,0.012990161196373116,590.445240857451,forecast_share_ciudad_desde_pais_future
2026-04-19,45453.26512363101,Huehuetenango,0.03107120012640627,1412.2874970549417,forecast_share_ciudad_desde_pais_future
2026-04-19,45453.26512363101,Jalapa,0.011362743542110199,516.473794751361,forecast_share_ciudad_desde_pais_future
2026-04-19,45453.26512363101,Jutiapa,0.014837589845184277,674.4169050288561,forecast_share_ciudad_desde_pais_future
2026-04-19,45453.26512363101,Mazatenango,0.020444115592601633,929.2518062486807,forecast_share_ciudad_desde_pais_future
2026-04-19,45453.26512363101,Quetzaltenango,0.07040297470435002,3200.045074729109,forecast_share_ciudad_desde_pais_future
2026-04-19,45453.26512363101,Retalhuleu,0.011379029823490296,517.2140594168086,forecast_share_ciudad_desde_pais_future
2026-04-19,45453.26512363101,Santa lucía cotzumalguapa,0.0008826602303376,40.11978946362015,forecast_share_ciudad_desde_pais_future
2026-04-20,38312.550796954696,Antigua guatemala,0.03387629611276714,1297.88731563307,forecast_share_ciudad_desde_pais_future
2026-04-20,38312.550796954696,Barberena,0.006879674617889882,263.577883264426,forecast_share_ciudad_desde_pais_future
2026-04-20,38312.550796954696,Chimaltenango,0.017257315401193653,661.1717729273005,forecast_share_ciudad_desde_pais_future
2026-04-20,38312.550796954696,Chiquimula,0.01725054754375387,660.9124790453523,forecast_share_ciudad_desde_pais_future
2026-04-20,38312.550796954696,Ciudad de guatemala,0.7293558699970144,27943.4838183177,forecast_share_ciudad_desde_pais_future
2026-04-20,38312.550796954696,Coatepeque,0.005235722472747962,200.59388319591355,forecast_share_ciudad_desde_pais_future
2026-04-20,38312.550796954696,Coban,0.014478339319451451,554.7021106320302,forecast_share_ciudad_desde_pais_future
2026-04-20,38312.550796954696,Escuintla,0.013804731808327819,528.8944886448958,forecast_share_ciudad_desde_pais_future
2026-04-20,38312.550796954696,Huehuetenango,0.028900889303432566,1107.2667895149248,forecast_share_ciudad_desde_pais_future
2026-04-20,38312.550796954696,Jalapa,0.010515665853527372,402.8819821770694,forecast_share_ciudad_desde_pais_future
2026-04-20,38312.550796954696,Jutiapa,0.01566413582522577,600.1329994943601,forecast_share_ciudad_desde_pais_future
2026-04-20,38312.550796954696,Mazatenango,0.02058010575425174,788.4763471164694,forecast_share_ciudad_desde_pais_future
2026-04-20,38312.550796954696,Quetzaltenango,0.07424106638202223,2844.364626981312,forecast_share_ciudad_desde_pais_future
2026-04-20,38312.550796954696,Retalhuleu,0.010792665902677813,413.49456063090463,forecast_share_ciudad_desde_pais_future
2026-04-20,38312.550796954696,Santa lucía cotzumalguapa,0.0011669737057164401,44.70973937897157,forecast_share_ciudad_desde_pais_future
2026-04-21,38746.071979857494,Antigua guatemala,0.03282425621274535,1271.8109939043159,forecast_share_ciudad_desde_pais_future
2026-04-21,38746.071979857494,Barberena,0.0067831892360867676,262.8219383944125,forecast_share_ciudad_desde_pais_future
2026-04-21,38746.071979857494,Chimaltenango,0.017671575447043456,684.7041342686281,forecast_share_ciudad_desde_pais_future
2026-04-21,38746.071979857494,Chiquimula,0.01735339102432177,672.3757377229842,forecast_share_ciudad_desde_pais_future
2026-04-21,38746.071979857494,Ciudad de guatemala,0.72971155469757,28273.456422845764,forecast_share_ciudad_desde_pais_future
2026-04-21,38746.071979857494,Coatepeque,0.00527454996050349,204.36809243102272,forecast_share_ciudad_desde_pais_future
2026-04-21,38746.071979857494,Coban,0.014231346651863517,551.4087817434078,forecast_share_ciudad_desde_pais_future
2026-04-21,38746.071979857494,Escuintla,0.013509061036571835,523.4230513033006,forecast_share_ciudad_desde_pais_future
2026-04-21,38746.071979857494,Huehuetenango,0.028478397007194112,1103.4260203117012,forecast_share_ciudad_desde_pais_future
2026-04-21,38746.071979857494,Jalapa,0.010578812254376868,409.8874210694847,forecast_share_ciudad_desde_pais_future
2026-04-21,38746.071979857494,Jutiapa,0.016022512921729647,620.8094389635337,forecast_share_ciudad_desde_pais_future
2026-04-21,38746.071979857494,Mazatenango,0.020523655631389862,795.2110383836392,forecast_share_ciudad_desde_pais_future
2026-04-21,38746.071979857494,Quetzaltenango,0.07548085306946739,2924.586566130631,forecast_share_ciudad_desde_pais_future
2026-04-21,38746.071979857494,Retalhuleu,0.010556196596853735,409.0111531752215,forecast_share_ciudad_desde_pais_future
2026-04-21,38746.071979857494,Santa lucía cotzumalguapa,0.0010006482522821557,38.77118920944301,forecast_share_ciudad_desde_pais_future
2026-04-22,38387.0556168504,Antigua guatemala,0.03328991628366313,1277.9018678612704,forecast_share_ciudad_desde_pais_future
2026-04-22,38387.0556168504,Barberena,0.006755319261667707,259.316816207219,forecast_share_ciudad_desde_pais_future
2026-04-22,38387.0556168504,Chimaltenango,0.01724608215214886,662.0263147473092,forecast_share_ciudad_desde_pais_future
2026-04-22,38387.0556168504,Chiquimula,0.01689917422019962,648.7095406696471,forecast_share_ciudad_desde_pais_future
2026-04-22,38387.0556168504,Ciudad de guatemala,0.731464935283733,28078.785152512537,forecast_share_ciudad_desde_pais_future
2026-04-22,38387.0556168504,Coatepeque,0.005006846560396231,192.19809737896622,forecast_share_ciudad_desde_pais_future
2026-04-22,38387.0556168504,Coban,0.014323415053997542,549.8337303010359,forecast_share_ciudad_desde_pais_future
2026-04-22,38387.0556168504,Escuintla,0.013229041957277216,507.82396937164793,forecast_share_ciudad_desde_pais_future
2026-04-22,38387.0556168504,Huehuetenango,0.02874276055944153,1103.3499481770962,forecast_share_ciudad_desde_pais_future
2026-04-22,38387.0556168504,Jalapa,0.010386322137161246,398.70032553373323,forecast_share_ciudad_desde_pais_future
2026-04-22,38387.0556168504,Jutiapa,0.015668024604304144,601.4493318916036,forecast_share_ciudad_desde_pais_future
2026-04-22,38387.0556168504,Mazatenango,0.02025782470381362,777.6382435816993,forecast_share_ciudad_desde_pais_future
2026-04-22,38387.0556168504,Quetzaltenango,0.07521807282127557,2887.4003447826085,forecast_share_ciudad_desde_pais_future
2026-04-22,38387.0556168504,Retalhuleu,0.010394277717949398,399.0057168559124,forecast_share_ciudad_desde_pais_future
2026-04-22,38387.0556168504,Santa lucía cotzumalguapa,0.0011179866829712096,42.916216978113916,forecast_share_ciudad_desde_pais_future
2026-04-23,42198.38431073237,Antigua guatemala,0.03211219168814103,1355.0826059160809,forecast_share_ciudad_desde_pais_future
2026-04-23,42198.38431073237,Barberena,0.006950660962261953,293.30666249913475,forecast_share_ciudad_desde_pais_future
2026-04-23,42198.38431073237,Chimaltenango,0.017972628734067568,758.4158943942947,forecast_share_ciudad_desde_pais_future
2026-04-23,42198.38431073237,Chiquimula,0.01657567687388118,699.4667829345569,forecast_share_ciudad_desde_pais_future
2026-04-23,42198.38431073237,Ciudad de guatemala,0.7314767148274656,30867.135526641378,forecast_share_ciudad_desde_pais_future
2026-04-23,42198.38431073237,Coatepeque,0.005105333414202962,215.43682144695998,forecast_share_ciudad_desde_pais_future
2026-04-23,42198.38431073237,Coban,0.014243253116356625,601.0422688390533,forecast_share_ciudad_desde_pais_future
2026-04-23,42198.38431073237,Escuintla,0.012974105228845359,547.4862785346988,forecast_share_ciudad_desde_pais_future
2026-04-23,42198.38431073237,Huehuetenango,0.02879147334354823,1214.953657023255,forecast_share_ciudad_desde_pais_future
2026-04-23,42198.38431073237,Jalapa,0.010590717810520936,446.9111802948806,forecast_share_ciudad_desde_pais_future
2026-04-23,42198.38431073237,Jutiapa,0.015264127242339947,644.1215075401806,forecast_share_ciudad_desde_pais_future
2026-04-23,42198.38431073237,Mazatenango,0.020997421713526056,886.0572710018891,forecast_share_ciudad_desde_pais_future
2026-04-23,42198.38431073237,Quetzaltenango,0.07537364329579697,3180.6459666960973,forecast_share_ciudad_desde_pais_future
2026-04-23,42198.38431073237,Retalhuleu,0.010558539775465855,445.553319205262,forecast_share_ciudad_desde_pais_future
2026-04-23,42198.38431073237,Santa lucía cotzumalguapa,0.0010135119735797979,42.76856776464914,forecast_share_ciudad_desde_pais_future
2026-04-24,45016.875974632036,Antigua guatemala,0.032730655852773266,1473.4318750926582,forecast_share_ciudad_desde_pais_future
2026-04-24,45016.875974632036,Barberena,0.0065203054577212365,293.52378210695326,forecast_share_ciudad_desde_pais_future
2026-04-24,45016.875974632036,Chimaltenango,0.017168753182943777,772.883632675649,forecast_share_ciudad_desde_pais_future
2026-04-24,45016.875974632036,Chiquimula,0.014727684329312395,662.9943388461878,forecast_share_ciudad_desde_pais_future
2026-04-24,45016.875974632036,Ciudad de guatemala,0.747140547114288,33633.93334506263,forecast_share_ciudad_desde_pais_future
2026-04-24,45016.875974632036,Coatepeque,0.0046317999955189345,208.50916593757708,forecast_share_ciudad_desde_pais_future
2026-04-24,45016.875974632036,Coban,0.013525427581199624,608.8724959267308,forecast_share_ciudad_desde_pais_future
2026-04-24,45016.875974632036,Escuintla,0.01224234343027469,551.112055839527,forecast_share_ciudad_desde_pais_future
2026-04-24,45016.875974632036,Huehuetenango,0.027660568728750962,1245.1923918499674,forecast_share_ciudad_desde_pais_future
2026-04-24,45016.875974632036,Jalapa,0.009735636472505811,438.2679396168982,forecast_share_ciudad_desde_pais_future
2026-04-24,45016.875974632036,Jutiapa,0.01437112576511403,646.9431861839772,forecast_share_ciudad_desde_pais_future
2026-04-24,45016.875974632036,Mazatenango,0.01970662031773457,887.1304827226209,forecast_share_ciudad_desde_pais_future
2026-04-24,45016.875974632036,Quetzaltenango,0.06911486949005334,3111.3355078366108,forecast_share_ciudad_desde_pais_future
2026-04-24,45016.875974632036,Retalhuleu,0.009701180029211687,436.7168181825997,forecast_share_ciudad_desde_pais_future
2026-04-24,45016.875974632036,Santa lucía cotzumalguapa,0.0010224822525976137,46.028956751449165,forecast_share_ciudad_desde_pais_future
2026-04-25,47756.999383043396,Antigua guatemala,0.03486795586179887,1665.188946579913,forecast_share_ciudad_desde_pais_future
2026-04-25,47756.999383043396,Barberena,0.0072658974669982486,346.99746084869196,forecast_share_ciudad_desde_pais_future
2026-04-25,47756.999383043396,Chimaltenango,0.019851457964195067,948.0460657485758,forecast_share_ciudad_desde_pais_future
2026-04-25,47756.999383043396,Chiquimula,0.015392791369734817,735.1135279477413,forecast_share_ciudad_desde_pais_future
2026-04-25,47756.999383043396,Ciudad de guatemala,0.7251491661715674,34630.94828146998,forecast_share_ciudad_desde_pais_future
2026-04-25,47756.999383043396,Coatepeque,0.00513820934015736,245.38546028784285,forecast_share_ciudad_desde_pais_future
2026-04-25,47756.999383043396,Coban,0.014816389183789651,707.5862891091732,forecast_share_ciudad_desde_pais_future
2026-04-25,47756.999383043396,Escuintla,0.013086867533301032,624.989524713828,forecast_share_ciudad_desde_pais_future
2026-04-25,47756.999383043396,Huehuetenango,0.030844672634748004,1473.049011987836,forecast_share_ciudad_desde_pais_future
2026-04-25,47756.999383043396,Jalapa,0.010893051349216464,520.2194465639907,forecast_share_ciudad_desde_pais_future
2026-04-25,47756.999383043396,Jutiapa,0.015383543898371512,734.6718964635493,forecast_share_ciudad_desde_pais_future
2026-04-25,47756.999383043396,Mazatenango,0.020939970953365344,1000.0301799008154,forecast_share_ciudad_desde_pais_future
2026-04-25,47756.999383043396,Quetzaltenango,0.07506036168315901,3584.6576465936387,forecast_share_ciudad_desde_pais_future
2026-04-25,47756.999383043396,Retalhuleu,0.010293758925974691,491.5990386769708,forecast_share_ciudad_desde_pais_future
2026-04-25,47756.999383043396,Santa lucía cotzumalguapa,0.0010159056636225218,48.51660615085107,forecast_share_ciudad_desde_pais_future
2026-04-26,46849.51149850202,Antigua guatemala,0.042788703191280524,2004.6298421658869,forecast_share_ciudad_desde_pais_future
2026-04-26,46849.51149850202,Barberena,0.007709270257293406,361.17554556412705,forecast_share_ciudad_desde_pais_future
2026-04-26,46849.51149850202,Chimaltenango,0.020303664232696438,951.216750931436,forecast_share_ciudad_desde_pais_future
2026-04-26,46849.51149850202,Chiquimula,0.016735196937401352,784.0358013484804,forecast_share_ciudad_desde_pais_future
2026-04-26,46849.51149850202,Ciudad de guatemala,0.7180602606669588,33640.77243873404,forecast_share_ciudad_desde_pais_future
2026-04-26,46849.51149850202,Coatepeque,0.005187850706249988,243.04827131497063,forecast_share_ciudad_desde_pais_future
2026-04-26,46849.51149850202,Coban,0.015844578947265927,742.310783578858,forecast_share_ciudad_desde_pais_future
2026-04-26,46849.51149850202,Escuintla,0.012990161196373116,608.582706336877,forecast_share_ciudad_desde_pais_future
2026-04-26,46849.51149850202,Huehuetenango,0.03107120012640627,1455.670547594328,forecast_share_ciudad_desde_pais_future
2026-04-26,46849.51149850202,Jalapa,0.011362743542110199,532.3389842306213,forecast_share_ciudad_desde_pais_future
2026-04-26,46849.51149850202,Jutiapa,0.014837589845184277,695.1338360620176,forecast_share_ciudad_desde_pais_future
2026-04-26,46849.51149850202,Mazatenango,0.020444115592601633,957.7968285322946,forecast_share_ciudad_desde_pais_future
2026-04-26,46849.51149850202,Quetzaltenango,0.07040297470435002,3298.3449729401927,forecast_share_ciudad_desde_pais_future
2026-04-26,46849.51149850202,Retalhuleu,0.011379029823490296,533.101988557406,forecast_share_ciudad_desde_pais_future
2026-04-26,46849.51149850202,Santa lucía cotzumalguapa,0.0008826602303376,41.35220061047183,forecast_share_ciudad_desde_pais_future
2026-04-27,39618.04464613983,Antigua guatemala,0.03387629611276714,1342.1126118414618,forecast_share_ciudad_desde_pais_future
2026-04-27,39618.04464613983,Barberena,0.006879674617889882,272.55925616247634,forecast_share_ciudad_desde_pais_future
2026-04-27,39618.04464613983,Chimaltenango,0.017257315401193653,683.7010920370067,forecast_share_ciudad_desde_pais_future
2026-04-27,39618.04464613983,Chiquimula,0.01725054754375387,683.4329627587986,forecast_share_ciudad_desde_pais_future
2026-04-27,39618.04464613983,Ciudad de guatemala,0.7293558699970144,28895.653420465875,forecast_share_ciudad_desde_pais_future
2026-04-27,39618.04464613983,Coatepeque,0.005235722472747962,207.4290866801264,forecast_share_ciudad_desde_pais_future
2026-04-27,39618.04464613983,Coban,0.014478339319451451,573.6034935599894,forecast_share_ciudad_desde_pais_future
2026-04-27,39618.04464613983,Escuintla,0.013804731808327819,546.9164811103182,forecast_share_ciudad_desde_pais_future
2026-04-27,39618.04464613983,Huehuetenango,0.028900889303432566,1144.9967227365364,forecast_share_ciudad_desde_pais_future
2026-04-27,39618.04464613983,Jalapa,0.010515665853527372,416.61011926893553,forecast_share_ciudad_desde_pais_future
2026-04-27,39618.04464613983,Jutiapa,0.01566413582522577,620.5824324669929,forecast_share_ciudad_desde_pais_future
2026-04-27,39618.04464613983,Mazatenango,0.02058010575425174,815.3435485942247,forecast_share_ciudad_desde_pais_future
2026-04-27,39618.04464613983,Quetzaltenango,0.07424106638202223,2941.2858824999876,forecast_share_ciudad_desde_pais_future
2026-04-27,39618.04464613983,Retalhuleu,0.010792665902677813,427.5843195831606,forecast_share_ciudad_desde_pais_future
2026-04-27,39618.04464613983,Santa lucía cotzumalguapa,0.0011669737057164401,46.23321637394517,forecast_share_ciudad_desde_pais_future
2026-04-28,40254.00826795839,Antigua guatemala,0.03282425621274535,1321.3078809774358,forecast_share_ciudad_desde_pais_future
2026-04-28,40254.00826795839,Barberena,0.0067831892360867676,273.05055559256306,forecast_share_ciudad_desde_pais_future
2026-04-28,40254.00826795839,Chimaltenango,0.017671575447043456,711.3517441531377,forecast_share_ciudad_desde_pais_future
2026-04-28,40254.00826795839,Chiquimula,0.01735339102432177,698.5435457701634,forecast_share_ciudad_desde_pais_future
2026-04-28,40254.00826795839,Ciudad de guatemala,0.72971155469757,29373.81495602075,forecast_share_ciudad_desde_pais_future
2026-04-28,40254.00826795839,Coatepeque,0.00527454996050349,212.32177771986707,forecast_share_ciudad_desde_pais_future
2026-04-28,40254.00826795839,Coban,0.014231346651863517,572.8687457882959,forecast_share_ciudad_desde_pais_future
2026-04-28,40254.00826795839,Escuintla,0.013509061036571835,543.7938546585171,forecast_share_ciudad_desde_pais_future
2026-04-28,40254.00826795839,Huehuetenango,0.028478397007194112,1146.3696285857932,forecast_share_ciudad_desde_pais_future
2026-04-28,40254.00826795839,Jalapa,0.010578812254376868,425.839595952866,forecast_share_ciudad_desde_pais_future
2026-04-28,40254.00826795839,Jutiapa,0.016022512921729647,644.9703676247752,forecast_share_ciudad_desde_pais_future
2026-04-28,40254.00826795839,Mazatenango,0.020523655631389862,826.1594034746983,forecast_share_ciudad_desde_pais_future
2026-04-28,40254.00826795839,Quetzaltenango,0.07548085306946739,3038.4068835308926,forecast_share_ciudad_desde_pais_future
2026-04-28,40254.00826795839,Retalhuleu,0.010556196596853735,424.9292250879444,forecast_share_ciudad_desde_pais_future
2026-04-28,40254.00826795839,Santa lucía cotzumalguapa,0.0010006482522821557,40.280103020684,forecast_share_ciudad_desde_pais_future
2026-04-29,40054.586400111046,Antigua guatemala,0.03328991628366313,1333.4138280364484,forecast_share_ciudad_desde_pais_future
2026-04-29,40054.586400111046,Barberena,0.006755319261667707,270.5815190268035,forecast_share_ciudad_desde_pais_future
2026-04-29,40054.586400111046,Chimaltenango,0.01724608215214886,690.7846876266595,forecast_share_ciudad_desde_pais_future
2026-04-29,40054.586400111046,Chiquimula,0.01689917422019962,676.8894338935148,forecast_share_ciudad_desde_pais_future
2026-04-29,40054.586400111046,Ciudad de guatemala,0.731464935283733,29298.52544897392,forecast_share_ciudad_desde_pais_future
2026-04-29,40054.586400111046,Coatepeque,0.005006846560396231,200.54716814548965,forecast_share_ciudad_desde_pais_future
2026-04-29,40054.586400111046,Coban,0.014323415053997542,573.7184658249957,forecast_share_ciudad_desde_pais_future
2026-04-29,40054.586400111046,Escuintla,0.013229041957277216,529.8838040684544,forecast_share_ciudad_desde_pais_future
2026-04-29,40054.586400111046,Huehuetenango,0.02874276055944153,1151.279386205855,forecast_share_ciudad_desde_pais_future
2026-04-29,40054.586400111046,Jalapa,0.010386322137161246,416.0198374223111,forecast_share_ciudad_desde_pais_future
2026-04-29,40054.586400111046,Jutiapa,0.015668024604304144,627.576245232166,forecast_share_ciudad_desde_pais_future
2026-04-29,40054.586400111046,Mazatenango,0.02025782470381362,811.4187898772066,forecast_share_ciudad_desde_pais_future
2026-04-29,40054.586400111046,Quetzaltenango,0.07521807282127557,3012.8287966696266,forecast_share_ciudad_desde_pais_future
2026-04-29,40054.586400111046,Retalhuleu,0.010394277717949398,416.33849492035324,forecast_share_ciudad_desde_pais_future
2026-04-29,40054.586400111046,Santa lucía cotzumalguapa,0.0011179866829712096,44.780494187243875,forecast_share_ciudad_desde_pais_future
2026-04-30,43674.07981126309,Antigua guatemala,0.03211219168814103,1402.4704227024504,forecast_share_ciudad_desde_pais_future
2026-04-30,43674.07981126309,Barberena,0.006950660962261953,303.56372160685925,forecast_share_ciudad_desde_pais_future
2026-04-30,43674.07981126309,Chimaltenango,0.017972628734067568,784.9380217498673,forecast_share_ciudad_desde_pais_future
2026-04-30,43674.07981126309,Chiquimula,0.01657567687388118,723.9274347155945,forecast_share_ciudad_desde_pais_future
2026-04-30,43674.07981126309,Ciudad de guatemala,0.7314767148274656,31946.57242345526,forecast_share_ciudad_desde_pais_future
2026-04-30,43674.07981126309,Coatepeque,0.005105333414202962,222.97073899500842,forecast_share_ciudad_desde_pais_future
2026-04-30,43674.07981126309,Coban,0.014243253116356625,622.0609733757809,forecast_share_ciudad_desde_pais_future
2026-04-30,43674.07981126309,Escuintla,0.012974105228845359,566.6321072443179,forecast_share_ciudad_desde_pais_future
2026-04-30,43674.07981126309,Huehuetenango,0.02879147334354823,1257.441104689979,forecast_share_ciudad_desde_pais_future
2026-04-30,43674.07981126309,Jalapa,0.010590717810520936,462.53985491525685,forecast_share_ciudad_desde_pais_future
2026-04-30,43674.07981126309,Jutiapa,0.015264127242339947,666.64671143123,forecast_share_ciudad_desde_pais_future
2026-04-30,43674.07981126309,Mazatenango,0.020997421713526056,917.0430717472855,forecast_share_ciudad_desde_pais_future
2026-04-30,43674.07981126309,Quetzaltenango,0.07537364329579697,3291.874512966312,forecast_share_ciudad_desde_pais_future
2026-04-30,43674.07981126309,Retalhuleu,0.010558539775465855,461.1345088440916,forecast_share_ciudad_desde_pais_future
2026-04-30,43674.07981126309,Santa lucía cotzumalguapa,0.0010135119735797979,44.26420282379486,forecast_share_ciudad_desde_pais_future
2026-05-01,46178.95587454722,Antigua guatemala,0.032730655852773266,1511.4675123702073,forecast_share_ciudad_desde_pais_future
2026-05-01,46178.95587454722,Barberena,0.0065203054577212365,301.10089802067836,forecast_share_ciudad_desde_pais_future
2026-05-01,46178.95587454722,Chimaltenango,0.017168753182943777,792.8350956561527,forecast_share_ciudad_desde_pais_future
2026-05-01,46178.95587454722,Chiquimula,0.014727684329312395,680.1090847775776,forecast_share_ciudad_desde_pais_future
2026-05-01,46178.95587454722,Ciudad de guatemala,0.747140547114288,34502.17035727577,forecast_share_ciudad_desde_pais_future
2026-05-01,46178.95587454722,Coatepeque,0.0046317999955189345,213.89168761279686,forecast_share_ciudad_desde_pais_future
2026-05-01,46178.95587454722,Coban,0.013525427581199624,624.5901234566013,forecast_share_ciudad_desde_pais_future
2026-05-01,46178.95587454722,Escuintla,0.01224234343027469,565.338637067708,forecast_share_ciudad_desde_pais_future
2026-05-01,46178.95587454722,Huehuetenango,0.027660568728750962,1277.3361827898714,forecast_share_ciudad_desde_pais_future
2026-05-01,46178.95587454722,Jalapa,0.009735636472505811,449.58152707447834,forecast_share_ciudad_desde_pais_future
2026-05-01,46178.95587454722,Jutiapa,0.01437112576511403,663.6435825747694,forecast_share_ciudad_desde_pais_future
2026-05-01,46178.95587454722,Mazatenango,0.01970662031773457,910.0311500891203,forecast_share_ciudad_desde_pais_future
2026-05-01,46178.95587454722,Quetzaltenango,0.06911486949005334,3191.6525084562627,forecast_share_ciudad_desde_pais_future
2026-05-01,46178.95587454722,Retalhuleu,0.009701180029211687,447.99036450000517,forecast_share_ciudad_desde_pais_future
2026-05-01,46178.95587454722,Santa lucía cotzumalguapa,0.0010224822525976137,47.217162825212846,forecast_share_ciudad_desde_pais_future
2026-05-02,49017.91744909039,Antigua guatemala,0.03486795586179887,1709.1545820521842,forecast_share_ciudad_desde_pais_future
2026-05-02,49017.91744909039,Barberena,0.0072658974669982486,356.1591622308751,forecast_share_ciudad_desde_pais_future
2026-05-02,49017.91744909039,Chimaltenango,0.019851457964195067,973.0771277330017,forecast_share_ciudad_desde_pais_future
2026-05-02,49017.91744909039,Chiquimula,0.015392791369734817,754.5225766727323,forecast_share_ciudad_desde_pais_future
2026-05-02,49017.91744909039,Ciudad de guatemala,0.7251491661715674,35545.301965674626,forecast_share_ciudad_desde_pais_future
2026-05-02,49017.91744909039,Coatepeque,0.00513820934015736,251.86432127197867,forecast_share_ciudad_desde_pais_future
2026-05-02,49017.91744909039,Coban,0.014816389183789651,726.2685419045969,forecast_share_ciudad_desde_pais_future
2026-05-02,49017.91744909039,Escuintla,0.013086867533301032,641.4909924145312,forecast_share_ciudad_desde_pais_future
2026-05-02,49017.91744909039,Huehuetenango,0.030844672634748004,1511.9416169542951,forecast_share_ciudad_desde_pais_future
2026-05-02,49017.91744909039,Jalapa,0.010893051349216464,533.9546918045953,forecast_share_ciudad_desde_pais_future
2026-05-02,49017.91744909039,Jutiapa,0.015383543898371512,754.069284884833,forecast_share_ciudad_desde_pais_future
2026-05-02,49017.91744909039,Mazatenango,0.020939970953365344,1026.433767578413,forecast_share_ciudad_desde_pais_future
2026-05-02,49017.91744909039,Quetzaltenango,0.07506036168315901,3679.3026126839554,forecast_share_ciudad_desde_pais_future
2026-05-02,49017.91744909039,Retalhuleu,0.010293758925974691,504.57862527426477,forecast_share_ciudad_desde_pais_future
2026-05-02,49017.91744909039,Santa lucía cotzumalguapa,0.0010159056636225218,49.79757995551216,forecast_share_ciudad_desde_pais_future
2026-05-03,48240.48381237891,Antigua guatemala,0.042788703191280524,2064.147743651654,forecast_share_ciudad_desde_pais_future
2026-05-03,48240.48381237891,Barberena,0.007709270257293406,371.8989270522167,forecast_share_ciudad_desde_pais_future
2026-05-03,48240.48381237891,Chimaltenango,0.020303664232696438,979.4585857493691,forecast_share_ciudad_desde_pais_future
2026-05-03,48240.48381237891,Chiquimula,0.016735196937401352,807.313996955683,forecast_share_ciudad_desde_pais_future
2026-05-03,48240.48381237891,Ciudad de guatemala,0.7180602606669588,34639.57438101701,forecast_share_ciudad_desde_pais_future
2026-05-03,48240.48381237891,Coatepeque,0.005187850706249988,250.26442801589104,forecast_share_ciudad_desde_pais_future
2026-05-03,48240.48381237891,Coban,0.015844578947265927,764.3501542195417,forecast_share_ciudad_desde_pais_future
2026-05-03,48240.48381237891,Escuintla,0.012990161196373116,626.6516609138299,forecast_share_ciudad_desde_pais_future
2026-05-03,48240.48381237891,Huehuetenango,0.03107120012640627,1498.8897267290872,forecast_share_ciudad_desde_pais_future
2026-05-03,48240.48381237891,Jalapa,0.011362743542110199,548.14424590738,forecast_share_ciudad_desde_pais_future
2026-05-03,48240.48381237891,Jutiapa,0.014837589845184277,715.7725127413298,forecast_share_ciudad_desde_pais_future
2026-05-03,48240.48381237891,Mazatenango,0.020444115592601633,986.2340273033024,forecast_share_ciudad_desde_pais_future
2026-05-03,48240.48381237891,Quetzaltenango,0.07040297470435002,3396.2735615685187,forecast_share_ciudad_desde_pais_future
2026-05-03,48240.48381237891,Retalhuleu,0.011379029823490296,548.9299040006605,forecast_share_ciudad_desde_pais_future
2026-05-03,48240.48381237891,Santa lucía cotzumalguapa,0.0008826602303376,42.57995655343163,forecast_share_ciudad_desde_pais_future
2026-05-04,40564.20728528565,Antigua guatemala,0.03387629611276714,1374.1650975760028,forecast_share_ciudad_desde_pais_future
2026-05-04,40564.20728528565,Barberena,0.006879674617889882,279.06854725540353,forecast_share_ciudad_desde_pais_future
2026-05-04,40564.20728528565,Chimaltenango,0.017257315401193653,700.0293191215719,forecast_share_ciudad_desde_pais_future
2026-05-04,40564.20728528565,Chiquimula,0.01725054754375387,699.7547863495072,forecast_share_ciudad_desde_pais_future
2026-05-04,40564.20728528565,Ciudad de guatemala,0.7293558699970144,29585.742695298744,forecast_share_ciudad_desde_pais_future
2026-05-04,40564.20728528565,Coatepeque,0.005235722472747962,212.3829316727767,forecast_share_ciudad_desde_pais_future
2026-05-04,40564.20728528565,Coban,0.014478339319451451,587.3023573009302,forecast_share_ciudad_desde_pais_future
2026-05-04,40564.20728528565,Escuintla,0.013804731808327819,559.9780025907859,forecast_share_ciudad_desde_pais_future
2026-05-04,40564.20728528565,Huehuetenango,0.028900889303432566,1172.3416644335334,forecast_share_ciudad_desde_pais_future
2026-05-04,40564.20728528565,Jalapa,0.010515665853527372,426.5596494252846,forecast_share_ciudad_desde_pais_future
2026-05-04,40564.20728528565,Jutiapa,0.01566413582522577,635.4032525593271,forecast_share_ciudad_desde_pais_future
2026-05-04,40564.20728528565,Mazatenango,0.02058010575425174,834.8156757685675,forecast_share_ciudad_desde_pais_future
2026-05-04,40564.20728528565,Quetzaltenango,0.07424106638202223,3011.5300058010016,forecast_share_ciudad_desde_pais_future
2026-05-04,40564.20728528565,Retalhuleu,0.010792665902677813,437.79593683705735,forecast_share_ciudad_desde_pais_future
2026-05-04,40564.20728528565,Santa lucía cotzumalguapa,0.0011669737057164401,47.33736329515961,forecast_share_ciudad_desde_pais_future
2026-05-05,41305.171646829236,Antigua guatemala,0.03282425621274535,1355.8115370469477,forecast_share_ciudad_desde_pais_future
2026-05-05,41305.171646829236,Barberena,0.0067831892360867676,280.1807957094884,forecast_share_ciudad_desde_pais_future
2026-05-05,41305.171646829236,Chimaltenango,0.017671575447043456,729.927457110023,forecast_share_ciudad_desde_pais_future
2026-05-05,41305.171646829236,Chiquimula,0.01735339102432177,716.7847949141565,forecast_share_ciudad_desde_pais_future
2026-05-05,41305.171646829236,Ciudad de guatemala,0.72971155469757,30140.86101945775,forecast_share_ciudad_desde_pais_future
2026-05-05,41305.171646829236,Coatepeque,0.00527454996050349,217.86619147837303,forecast_share_ciudad_desde_pais_future
2026-05-05,41305.171646829236,Coban,0.014231346651863517,587.8282162207511,forecast_share_ciudad_desde_pais_future
2026-05-05,41305.171646829236,Escuintla,0.013509061036571835,557.9940849030926,forecast_share_ciudad_desde_pais_future
2026-05-05,41305.171646829236,Huehuetenango,0.028478397007194112,1176.3050766087008,forecast_share_ciudad_desde_pais_future
2026-05-05,41305.171646829236,Jalapa,0.010578812254376868,436.9596559866171,forecast_share_ciudad_desde_pais_future
2026-05-05,41305.171646829236,Jutiapa,0.016022512921729647,661.8126464455825,forecast_share_ciudad_desde_pais_future
2026-05-05,41305.171646829236,Mazatenango,0.020523655631389862,847.7331186749717,forecast_share_ciudad_desde_pais_future
2026-05-05,41305.171646829236,Quetzaltenango,0.07548085306946739,3117.749592083448,forecast_share_ciudad_desde_pais_future
2026-05-05,41305.171646829236,Retalhuleu,0.010556196596853735,436.02551237071816,forecast_share_ciudad_desde_pais_future
2026-05-05,41305.171646829236,Santa lucía cotzumalguapa,0.0010006482522821557,41.331947818614125,forecast_share_ciudad_desde_pais_future
2026-05-06,41217.5389970873,Antigua guatemala,0.03328991628366313,1372.1284226316566,forecast_share_ciudad_desde_pais_future
2026-05-06,41217.5389970873,Barberena,0.006755319261667707,278.4376351055637,forecast_share_ciudad_desde_pais_future
2026-05-06,41217.5389970873,Chimaltenango,0.01724608215214886,710.8410636531669,forecast_share_ciudad_desde_pais_future
2026-05-06,41217.5389970873,Chiquimula,0.01689917422019962,696.5423724396502,forecast_share_ciudad_desde_pais_future
2026-05-06,41217.5389970873,Ciudad de guatemala,0.731464935283733,30149.184495059206,forecast_share_ciudad_desde_pais_future
2026-05-06,41217.5389970873,Coatepeque,0.005006846560396231,206.36989335556407,forecast_share_ciudad_desde_pais_future
2026-05-06,41217.5389970873,Coban,0.014323415053997542,590.375918559611,forecast_share_ciudad_desde_pais_future
2026-05-06,41217.5389970873,Escuintla,0.013229041957277216,545.2685527681778,forecast_share_ciudad_desde_pais_future
2026-05-06,41217.5389970873,Huehuetenango,0.02874276055944153,1184.7058542427242,forecast_share_ciudad_desde_pais_future
2026-05-06,41217.5389970873,Jalapa,0.010386322137161246,428.0986377247548,forecast_share_ciudad_desde_pais_future
2026-05-06,41217.5389970873,Jutiapa,0.015668024604304144,645.7974151352294,forecast_share_ciudad_desde_pais_future
2026-05-06,41217.5389970873,Mazatenango,0.02025782470381362,834.9776797255963,forecast_share_ciudad_desde_pais_future
2026-05-06,41217.5389970873,Quetzaltenango,0.07521807282127557,3100.303849796678,forecast_share_ciudad_desde_pais_future
2026-05-06,41217.5389970873,Retalhuleu,0.010394277717949398,428.4265471861349,forecast_share_ciudad_desde_pais_future
2026-05-06,41217.5389970873,Santa lucía cotzumalguapa,0.0011179866829712096,46.08065970359011,forecast_share_ciudad_desde_pais_future
2026-05-07,44838.79117664283,Antigua guatemala,0.03211219168814103,1439.871857328881,forecast_share_ciudad_desde_pais_future
2026-05-07,44838.79117664283,Barberena,0.006950660962261953,311.65923542650705,forecast_share_ciudad_desde_pais_future
2026-05-07,44838.79117664283,Chimaltenango,0.017972628734067568,805.8709467021863,forecast_share_ciudad_desde_pais_future
2026-05-07,44838.79117664283,Chiquimula,0.01657567687388118,743.233313959466,forecast_share_ciudad_desde_pais_future
2026-05-07,44838.79117664283,Ciudad de guatemala,0.7314767148274656,32798.531666725445,forecast_share_ciudad_desde_pais_future
2026-05-07,44838.79117664283,Coatepeque,0.005105333414202962,228.9169788465836,forecast_share_ciudad_desde_pais_future
2026-05-07,44838.79117664283,Coban,0.014243253116356625,638.6502521603819,forecast_share_ciudad_desde_pais_future
2026-05-07,44838.79117664283,Escuintla,0.012974105228845359,581.7431950599869,forecast_share_ciudad_desde_pais_future
2026-05-07,44838.79117664283,Huehuetenango,0.02879147334354823,1290.9748609192375,forecast_share_ciudad_desde_pais_future
2026-05-07,44838.79117664283,Jalapa,0.010590717810520936,474.87498431670025,forecast_share_ciudad_desde_pais_future
2026-05-07,44838.79117664283,Jutiapa,0.015264127242339947,684.4250139129858,forecast_share_ciudad_desde_pais_future
2026-05-07,44838.79117664283,Mazatenango,0.020997421713526056,941.4990074607007,forecast_share_ciudad_desde_pais_future
2026-05-07,44838.79117664283,Quetzaltenango,0.07537364329579697,3379.6630519630053,forecast_share_ciudad_desde_pais_future
2026-05-07,44838.79117664283,Retalhuleu,0.010558539775465855,473.43216012239077,forecast_share_ciudad_desde_pais_future
2026-05-07,44838.79117664283,Santa lucía cotzumalguapa,0.0010135119735797979,45.444651738371704,forecast_share_ciudad_desde_pais_future
2026-05-08,47982.48828239288,Antigua guatemala,0.032730655852773266,1570.498310930727,forecast_share_ciudad_desde_pais_future
2026-05-08,47982.48828239288,Barberena,0.0065203054577212365,312.86048022273155,forecast_share_ciudad_desde_pais_future
2026-05-08,47982.48828239288,Chimaltenango,0.017168753182943777,823.7994984238952,forecast_share_ciudad_desde_pais_future
2026-05-08,47982.48828239288,Chiquimula,0.014727684329312395,706.6709407580132,forecast_share_ciudad_desde_pais_future
2026-05-08,47982.48828239288,Ciudad de guatemala,0.747140547114288,35849.66254721193,forecast_share_ciudad_desde_pais_future
2026-05-08,47982.48828239288,Coatepeque,0.0046317999955189345,222.24528901137467,forecast_share_ciudad_desde_pais_future
2026-05-08,47982.48828239288,Coban,0.013525427581199624,648.9836704292644,forecast_share_ciudad_desde_pais_future
2026-05-08,47982.48828239288,Escuintla,0.01224234343027469,587.4181001921847,forecast_share_ciudad_desde_pais_future
2026-05-08,47982.48828239288,Huehuetenango,0.027660568728750962,1327.2229149116158,forecast_share_ciudad_desde_pais_future
2026-05-08,47982.48828239288,Jalapa,0.009735636472505811,467.1400629636468,forecast_share_ciudad_desde_pais_future
2026-05-08,47982.48828239288,Jutiapa,0.01437112576511403,689.5623736293783,forecast_share_ciudad_desde_pais_future
2026-05-08,47982.48828239288,Mazatenango,0.01970662031773457,945.5726784812643,forecast_share_ciudad_desde_pais_future
2026-05-08,47982.48828239288,Quetzaltenango,0.06911486949005334,3316.3034154455972,forecast_share_ciudad_desde_pais_future
2026-05-08,47982.48828239288,Retalhuleu,0.009701180029211687,465.4867570770336,forecast_share_ciudad_desde_pais_future
2026-05-08,47982.48828239288,Santa lucía cotzumalguapa,0.0010224822525976137,49.06124270421967,forecast_share_ciudad_desde_pais_future
2026-05-09,50447.06923567738,Antigua guatemala,0.03486795586179887,1758.9861834667104,forecast_share_ciudad_desde_pais_future
2026-05-09,50447.06923567738,Barberena,0.0072658974669982486,366.54323257699355,forecast_share_ciudad_desde_pais_future
2026-05-09,50447.06923567738,Chimaltenango,0.019851457964195067,1001.4478743488877,forecast_share_ciudad_desde_pais_future
2026-05-09,50447.06923567738,Chiquimula,0.015392791369734817,776.5212119593496,forecast_share_ciudad_desde_pais_future
2026-05-09,50447.06923567738,Ciudad de guatemala,0.7251491661715674,36581.65019205079,forecast_share_ciudad_desde_pais_future
2026-05-09,50447.06923567738,Coatepeque,0.00513820934015736,259.2076023303225,forecast_share_ciudad_desde_pais_future
2026-05-09,50447.06923567738,Coban,0.014816389183789651,747.443410977378,forecast_share_ciudad_desde_pais_future
2026-05-09,50447.06923567738,Escuintla,0.013086867533301032,660.1941125305756,forecast_share_ciudad_desde_pais_future
2026-05-09,50447.06923567738,Huehuetenango,0.030844672634748004,1556.023335956936,forecast_share_ciudad_desde_pais_future
2026-05-09,50447.06923567738,Jalapa,0.010893051349216464,549.5225156017118,forecast_share_ciudad_desde_pais_future
2026-05-09,50447.06923567738,Jutiapa,0.015383543898371512,776.05470413123,forecast_share_ciudad_desde_pais_future
2026-05-09,50447.06923567738,Mazatenango,0.020939970953365344,1056.3601644774947,forecast_share_ciudad_desde_pais_future
2026-05-09,50447.06923567738,Quetzaltenango,0.07506036168315901,3786.5752626853077,forecast_share_ciudad_desde_pais_future
2026-05-09,50447.06923567738,Retalhuleu,0.010293758925974691,519.2899692340172,forecast_share_ciudad_desde_pais_future
2026-05-09,50447.06923567738,Santa lucía cotzumalguapa,0.0010159056636225218,51.24946334968213,forecast_share_ciudad_desde_pais_future
2026-05-10,49073.38193654199,Antigua guatemala,0.042788703191280524,2099.7863742750424,forecast_share_ciudad_desde_pais_future
2026-05-10,49073.38193654199,Barberena,0.007709270257293406,378.31996378818263,forecast_share_ciudad_desde_pais_future
2026-05-10,49073.38193654199,Chimaltenango,0.020303664232696438,996.369469602419,forecast_share_ciudad_desde_pais_future
2026-05-10,49073.38193654199,Chiquimula,0.016735196937401352,821.2527110923444,forecast_share_ciudad_desde_pais_future
2026-05-10,49073.38193654199,Ciudad de guatemala,0.7180602606669588,35237.64542516257,forecast_share_ciudad_desde_pais_future
2026-05-10,49073.38193654199,Coatepeque,0.005187850706249988,254.5853791375648,forecast_share_ciudad_desde_pais_future
2026-05-10,49073.38193654199,Coban,0.015844578947265927,777.5470743028733,forecast_share_ciudad_desde_pais_future
2026-05-10,49073.38193654199,Escuintla,0.012990161196373116,637.4711418068651,forecast_share_ciudad_desde_pais_future
2026-05-10,49073.38193654199,Huehuetenango,0.03107120012640627,1524.7688710298667,forecast_share_ciudad_desde_pais_future
2026-05-10,49073.38193654199,Jalapa,0.011362743542110199,557.6082536889497,forecast_share_ciudad_desde_pais_future
2026-05-10,49073.38193654199,Jutiapa,0.014837589845184277,728.1307134904849,forecast_share_ciudad_desde_pais_future
2026-05-10,49073.38193654199,Mazatenango,0.020444115592601633,1003.2618928305535,forecast_share_ciudad_desde_pais_future
2026-05-10,49073.38193654199,Quetzaltenango,0.07040297470435002,3454.912067135273,forecast_share_ciudad_desde_pais_future
2026-05-10,49073.38193654199,Retalhuleu,0.011379029823490296,558.4074765954413,forecast_share_ciudad_desde_pais_future
2026-05-10,49073.38193654199,Santa lucía cotzumalguapa,0.0008826602303376,43.31512260355317,forecast_share_ciudad_desde_pais_future
2026-05-11,41427.85940984332,Antigua guatemala,0.03387629611276714,1403.422432685939,forecast_share_ciudad_desde_pais_future
2026-05-11,41427.85940984332,Barberena,0.006879674617889882,285.01019285540957,forecast_share_ciudad_desde_pais_future
2026-05-11,41427.85940984332,Chimaltenango,0.017257315401193653,714.9336362319744,forecast_share_ciudad_desde_pais_future
2026-05-11,41427.85940984332,Chiquimula,0.01725054754375387,714.6532583854532,forecast_share_ciudad_desde_pais_future
2026-05-11,41427.85940984332,Ciudad de guatemala,0.7293558699970144,30215.652441980274,forecast_share_ciudad_desde_pais_future
2026-05-11,41427.85940984332,Coatepeque,0.005235722472747962,216.9047745099598,forecast_share_ciudad_desde_pais_future
2026-05-11,41427.85940984332,Coban,0.014478339319451451,599.8066058142413,forecast_share_ciudad_desde_pais_future
2026-05-11,41427.85940984332,Escuintla,0.013804731808327819,571.900488545997,forecast_share_ciudad_desde_pais_future
2026-05-11,41427.85940984332,Huehuetenango,0.028900889303432566,1197.3019788820488,forecast_share_ciudad_desde_pais_future
2026-05-11,41427.85940984332,Jalapa,0.010515665853527372,435.641526580822,forecast_share_ciudad_desde_pais_future
2026-05-11,41427.85940984332,Jutiapa,0.01566413582522577,648.9316167441432,forecast_share_ciudad_desde_pais_future
2026-05-11,41427.85940984332,Mazatenango,0.02058010575425174,852.5897278268485,forecast_share_ciudad_desde_pais_future
2026-05-11,41427.85940984332,Quetzaltenango,0.07424106638202223,3075.648460511262,forecast_share_ciudad_desde_pais_future
2026-05-11,41427.85940984332,Retalhuleu,0.010792665902677813,447.11704567354616,forecast_share_ciudad_desde_pais_future
2026-05-11,41427.85940984332,Santa lucía cotzumalguapa,0.0011669737057164401,48.34522261540455,forecast_share_ciudad_desde_pais_future
2026-05-12,42171.07701380645,Antigua guatemala,0.03282425621274535,1384.234236668599,forecast_share_ciudad_desde_pais_future
2026-05-12,42171.07701380645,Barberena,0.0067831892360867676,286.054395674238,forecast_share_ciudad_desde_pais_future
2026-05-12,42171.07701380645,Chimaltenango,0.017671575447043456,745.2293691325607,forecast_share_ciudad_desde_pais_future
2026-05-12,42171.07701380645,Chiquimula,0.01735339102432177,731.8111893373709,forecast_share_ciudad_desde_pais_future
2026-05-12,42171.07701380645,Ciudad de guatemala,0.72971155469757,30772.72217101566,forecast_share_ciudad_desde_pais_future
2026-05-12,42171.07701380645,Coatepeque,0.00527454996050349,222.43345259756242,forecast_share_ciudad_desde_pais_future
2026-05-12,42171.07701380645,Coban,0.014231346651863517,600.1512156659129,forecast_share_ciudad_desde_pais_future
2026-05-12,42171.07701380645,Escuintla,0.013509061036571835,569.6916533574828,forecast_share_ciudad_desde_pais_future
2026-05-12,42171.07701380645,Huehuetenango,0.028478397007194112,1200.9646734201378,forecast_share_ciudad_desde_pais_future
2026-05-12,42171.07701380645,Jalapa,0.010578812254376868,446.1199062939263,forecast_share_ciudad_desde_pais_future
2026-05-12,42171.07701380645,Jutiapa,0.016022512921729647,675.6866263769699,forecast_share_ciudad_desde_pais_future
2026-05-12,42171.07701380645,Mazatenango,0.020523655631389862,865.5046622361842,forecast_share_ciudad_desde_pais_future
2026-05-12,42171.07701380645,Quetzaltenango,0.07548085306946739,3183.1088678603182,forecast_share_ciudad_desde_pais_future
2026-05-12,42171.07701380645,Retalhuleu,0.010556196596853735,445.1661796588004,forecast_share_ciudad_desde_pais_future
2026-05-12,42171.07701380645,Santa lucía cotzumalguapa,0.0010006482522821557,42.19841451072161,forecast_share_ciudad_desde_pais_future
2026-05-13,41766.7330576894,Antigua guatemala,0.03328991628366313,1390.4110469325856,forecast_share_ciudad_desde_pais_future
2026-05-13,41766.7330576894,Barberena,0.006755319261667707,282.14761632154256,forecast_share_ciudad_desde_pais_future
2026-05-13,41766.7330576894,Chimaltenango,0.01724608215214886,720.3125095397829,forecast_share_ciudad_desde_pais_future
2026-05-13,41766.7330576894,Chiquimula,0.01689917422019962,705.823298550464,forecast_share_ciudad_desde_pais_future
2026-05-13,41766.7330576894,Ciudad de guatemala,0.731464935283733,30550.90069305573,forecast_share_ciudad_desde_pais_future
2026-05-13,41766.7330576894,Coatepeque,0.005006846560396231,209.11962374887972,forecast_share_ciudad_desde_pais_future
2026-05-13,41766.7330576894,Coban,0.014323415053997542,598.2422530348051,forecast_share_ciudad_desde_pais_future
2026-05-13,41766.7330576894,Escuintla,0.013229041957277216,552.5338640385704,forecast_share_ciudad_desde_pais_future
2026-05-13,41766.7330576894,Huehuetenango,0.02874276055944153,1200.4912076272776,forecast_share_ciudad_desde_pais_future
2026-05-13,41766.7330576894,Jalapa,0.010386322137161246,433.80274415398384,forecast_share_ciudad_desde_pais_future
2026-05-13,41766.7330576894,Jutiapa,0.015668024604304144,654.4022011892808,forecast_share_ciudad_desde_pais_future
2026-05-13,41766.7330576894,Mazatenango,0.02025782470381362,846.1031567336493,forecast_share_ciudad_desde_pais_future
2026-05-13,41766.7330576894,Quetzaltenango,0.07521807282127557,3141.613168640059,forecast_share_ciudad_desde_pais_future
2026-05-13,41766.7330576894,Retalhuleu,0.010394277717949398,434.1350227730815,forecast_share_ciudad_desde_pais_future
2026-05-13,41766.7330576894,Santa lucía cotzumalguapa,0.0011179866829712096,46.69465134971014,forecast_share_ciudad_desde_pais_future
2026-05-14,45314.64355198686,Antigua guatemala,0.03211219168814103,1455.1525200211859,forecast_share_ciudad_desde_pais_future
2026-05-14,45314.64355198686,Barberena,0.006950660962261953,314.9667239556104,forecast_share_ciudad_desde_pais_future
2026-05-14,45314.64355198686,Chimaltenango,0.017972628734067568,814.4232647764687,forecast_share_ciudad_desde_pais_future
2026-05-14,45314.64355198686,Chiquimula,0.01657567687388118,751.1208891728376,forecast_share_ciudad_desde_pais_future
2026-05-14,45314.64355198686,Ciudad de guatemala,0.7314767148274656,33146.606598984945,forecast_share_ciudad_desde_pais_future
2026-05-14,45314.64355198686,Coatepeque,0.005105333414202962,231.34636387865532,forecast_share_ciudad_desde_pais_future
2026-05-14,45314.64355198686,Coban,0.014243253116356625,645.4279379884265,forecast_share_ciudad_desde_pais_future
2026-05-14,45314.64355198686,Escuintla,0.012974105228845359,587.9169538510963,forecast_share_ciudad_desde_pais_future
2026-05-14,45314.64355198686,Huehuetenango,0.02879147334354823,1304.6753518994194,forecast_share_ciudad_desde_pais_future
2026-05-14,45314.64355198686,Jalapa,0.010590717810520936,479.91460254343497,forecast_share_ciudad_desde_pais_future
2026-05-14,45314.64355198686,Jutiapa,0.015264127242339947,691.6884851188069,forecast_share_ciudad_desde_pais_future
2026-05-14,45314.64355198686,Mazatenango,0.020997421713526056,951.4906804591824,forecast_share_ciudad_desde_pais_future
2026-05-14,45314.64355198686,Quetzaltenango,0.07537364329579697,3415.529779163644,forecast_share_ciudad_desde_pais_future
2026-05-14,45314.64355198686,Retalhuleu,0.010558539775465855,478.45646635471064,forecast_share_ciudad_desde_pais_future
2026-05-14,45314.64355198686,Santa lucía cotzumalguapa,0.0010135119735797979,45.92693381843927,forecast_share_ciudad_desde_pais_future
2026-05-15,48452.72883129799,Antigua guatemala,0.032730655852773266,1585.8895925049594,forecast_share_ciudad_desde_pais_future
2026-05-15,48452.72883129799,Barberena,0.0065203054577212365,315.9265922401994,forecast_share_ciudad_desde_pais_future
2026-05-15,48452.72883129799,Chimaltenango,0.017168753182943777,831.872942344659,forecast_share_ciudad_desde_pais_future
2026-05-15,48452.72883129799,Chiquimula,0.014727684329312395,713.5964951211303,forecast_share_ciudad_desde_pais_future
2026-05-15,48452.72883129799,Ciudad de guatemala,0.747140547114288,36200.99832819621,forecast_share_ciudad_desde_pais_future
2026-05-15,48452.72883129799,Coatepeque,0.0046317999955189345,224.42334918368616,forecast_share_ciudad_desde_pais_future
2026-05-15,48452.72883129799,Coban,0.013525427581199624,655.343874919224,forecast_share_ciudad_desde_pais_future
2026-05-15,48452.72883129799,Escuintla,0.01224234343027469,593.174946486722,forecast_share_ciudad_desde_pais_future
2026-05-15,48452.72883129799,Huehuetenango,0.027660568728750962,1340.2300359336514,forecast_share_ciudad_desde_pais_future
2026-05-15,48452.72883129799,Jalapa,0.009735636472505811,471.71815400241854,forecast_share_ciudad_desde_pais_future
2026-05-15,48452.72883129799,Jutiapa,0.01437112576511403,696.3202596975499,forecast_share_ciudad_desde_pais_future
2026-05-15,48452.72883129799,Mazatenango,0.01970662031773457,954.8395304365405,forecast_share_ciudad_desde_pais_future
2026-05-15,48452.72883129799,Quetzaltenango,0.06911486949005334,3348.8040296121053,forecast_share_ciudad_desde_pais_future
2026-05-15,48452.72883129799,Retalhuleu,0.009701180029211687,470.04864529899737,forecast_share_ciudad_desde_pais_future
2026-05-15,48452.72883129799,Santa lucía cotzumalguapa,0.0010224822525976137,49.54205531992691,forecast_share_ciudad_desde_pais_future
2026-05-16,50833.81067495842,Antigua guatemala,0.03486795586179887,1772.4710669014903,forecast_share_ciudad_desde_pais_future
2026-05-16,50833.81067495842,Barberena,0.0072658974669982486,369.3532562210489,forecast_share_ciudad_desde_pais_future
2026-05-16,50833.81067495842,Chimaltenango,0.019851457964195067,1009.1252557737876,forecast_share_ciudad_desde_pais_future
2026-05-16,50833.81067495842,Chiquimula,0.015392791369734817,782.4742422482335,forecast_share_ciudad_desde_pais_future
2026-05-16,50833.81067495842,Ciudad de guatemala,0.7251491661715674,36862.09542426942,forecast_share_ciudad_desde_pais_future
2026-05-16,50833.81067495842,Coatepeque,0.00513820934015736,261.19476080586224,forecast_share_ciudad_desde_pais_future
2026-05-16,50833.81067495842,Coban,0.014816389183789651,753.1735226552648,forecast_share_ciudad_desde_pais_future
2026-05-16,50833.81067495842,Escuintla,0.013086867533301032,665.2553465160847,forecast_share_ciudad_desde_pais_future
2026-05-16,50833.81067495842,Huehuetenango,0.030844672634748004,1567.952249045851,forecast_share_ciudad_desde_pais_future
2026-05-16,50833.81067495842,Jalapa,0.010893051349216464,553.7353099586701,forecast_share_ciudad_desde_pais_future
2026-05-16,50833.81067495842,Jutiapa,0.015383543898371512,782.0041580397292,forecast_share_ciudad_desde_pais_future
2026-05-16,50833.81067495842,Mazatenango,0.020939970953365344,1064.4585189825025,forecast_share_ciudad_desde_pais_future
2026-05-16,50833.81067495842,Quetzaltenango,0.07506036168315901,3815.6042149956083,forecast_share_ciudad_desde_pais_future
2026-05-16,50833.81067495842,Retalhuleu,0.010293758925974691,523.2709923766607,forecast_share_ciudad_desde_pais_future
2026-05-16,50833.81067495842,Santa lucía cotzumalguapa,0.0010159056636225218,51.64235616820527,forecast_share_ciudad_desde_pais_future
2026-05-17,49740.14190810188,Antigua guatemala,0.042788703191280524,2128.316168797945,forecast_share_ciudad_desde_pais_future
2026-05-17,49740.14190810188,Barberena,0.007709270257293406,383.4601966056831,forecast_share_ciudad_desde_pais_future
2026-05-17,49740.14190810188,Chimaltenango,0.020303664232696438,1009.9071401887734,forecast_share_ciudad_desde_pais_future
2026-05-17,49740.14190810188,Chiquimula,0.016735196937401352,832.4110705263753,forecast_share_ciudad_desde_pais_future
2026-05-17,49740.14190810188,Ciudad de guatemala,0.7180602606669588,35716.41926414316,forecast_share_ciudad_desde_pais_future
2026-05-17,49740.14190810188,Coatepeque,0.005187850706249988,258.044430326921,forecast_share_ciudad_desde_pais_future
2026-05-17,49740.14190810188,Coban,0.015844578947265927,788.1116053111308,forecast_share_ciudad_desde_pais_future
2026-05-17,49740.14190810188,Escuintla,0.012990161196373116,646.1324613167174,forecast_share_ciudad_desde_pais_future
2026-05-17,49740.14190810188,Huehuetenango,0.03107120012640627,1545.485903542481,forecast_share_ciudad_desde_pais_future
2026-05-17,49740.14190810188,Jalapa,0.011362743542110199,565.1844762499295,forecast_share_ciudad_desde_pais_future
2026-05-17,49740.14190810188,Jutiapa,0.014837589845184277,738.0238244736773,forecast_share_ciudad_desde_pais_future
2026-05-17,49740.14190810188,Mazatenango,0.020444115592601633,1016.8932107616437,forecast_share_ciudad_desde_pais_future
2026-05-17,49740.14190810188,Quetzaltenango,0.07040297470435002,3501.853952546877,forecast_share_ciudad_desde_pais_future
2026-05-17,49740.14190810188,Retalhuleu,0.011379029823490296,565.9945581969308,forecast_share_ciudad_desde_pais_future
2026-05-17,49740.14190810188,Santa lucía cotzumalguapa,0.0008826602303376,43.90364511363012,forecast_share_ciudad_desde_pais_future
2026-05-18,41703.001191597716,Antigua guatemala,0.03387629611276714,1412.7432171576452,forecast_share_ciudad_desde_pais_future
2026-05-18,41703.001191597716,Barberena,0.006879674617889882,286.9030787876663,forecast_share_ciudad_desde_pais_future
2026-05-18,41703.001191597716,Chimaltenango,0.017257315401193653,719.6818447397566,forecast_share_ciudad_desde_pais_future
2026-05-18,41703.001191597716,Chiquimula,0.01725054754375387,719.3996047728807,forecast_share_ciudad_desde_pais_future
2026-05-18,41703.001191597716,Ciudad de guatemala,0.7293558699970144,30416.32871558428,forecast_share_ciudad_desde_pais_future
2026-05-18,41703.001191597716,Coatepeque,0.005235722472747962,218.3453405198832,forecast_share_ciudad_desde_pais_future
2026-05-18,41703.001191597716,Coban,0.014478339319451451,603.7902018914399,forecast_share_ciudad_desde_pais_future
2026-05-18,41703.001191597716,Escuintla,0.013804731808327819,575.6987470523819,forecast_share_ciudad_desde_pais_future
2026-05-18,41703.001191597716,Huehuetenango,0.028900889303432566,1205.253821059282,forecast_share_ciudad_desde_pais_future
2026-05-18,41703.001191597716,Jalapa,0.010515665853527372,438.53482562009543,forecast_share_ciudad_desde_pais_future
2026-05-18,41703.001191597716,Jutiapa,0.01566413582522577,653.2414749847387,forecast_share_ciudad_desde_pais_future
2026-05-18,41703.001191597716,Mazatenango,0.02058010575425174,858.2521747927673,forecast_share_ciudad_desde_pais_future
2026-05-18,41703.001191597716,Quetzaltenango,0.07424106638202223,3096.075279794958,forecast_share_ciudad_desde_pais_future
2026-05-18,41703.001191597716,Retalhuleu,0.010792665902677813,450.08655899988884,forecast_share_ciudad_desde_pais_future
2026-05-18,41703.001191597716,Santa lucía cotzumalguapa,0.0011669737057164401,48.666305840055905,forecast_share_ciudad_desde_pais_future
2026-05-19,42408.442223763,Antigua guatemala,0.03282425621274535,1392.025573136205,forecast_share_ciudad_desde_pais_future
2026-05-19,42408.442223763,Barberena,0.0067831892360867676,287.66448881143674,forecast_share_ciudad_desde_pais_future
2026-05-19,42408.442223763,Chimaltenango,0.017671575447043456,749.4239863488112,forecast_share_ciudad_desde_pais_future
2026-05-19,42408.442223763,Chiquimula,0.01735339102432177,735.9302806413172,forecast_share_ciudad_desde_pais_future
2026-05-19,42408.442223763,Ciudad de guatemala,0.72971155469757,30945.93030740417,forecast_share_ciudad_desde_pais_future
2026-05-19,42408.442223763,Coatepeque,0.00527454996050349,223.68544725636366,forecast_share_ciudad_desde_pais_future
2026-05-19,42408.442223763,Coban,0.014231346651863517,603.5292422518969,forecast_share_ciudad_desde_pais_future
2026-05-19,42408.442223763,Escuintla,0.013509061036571835,572.8982344667446,forecast_share_ciudad_desde_pais_future
2026-05-19,42408.442223763,Huehuetenango,0.028478397007194112,1207.7244541049765,forecast_share_ciudad_desde_pais_future
2026-05-19,42408.442223763,Jalapa,0.010578812254376868,448.63094828577744,forecast_share_ciudad_desde_pais_future
2026-05-19,42408.442223763,Jutiapa,0.016022512921729647,679.4898135206678,forecast_share_ciudad_desde_pais_future
2026-05-19,42408.442223763,Mazatenango,0.020523655631389862,870.3762640642051,forecast_share_ciudad_desde_pais_future
2026-05-19,42408.442223763,Quetzaltenango,0.07548085306946739,3201.0253963968516,forecast_share_ciudad_desde_pais_future
2026-05-19,42408.442223763,Retalhuleu,0.010556196596853735,447.6718534803552,forecast_share_ciudad_desde_pais_future
2026-05-19,42408.442223763,Santa lucía cotzumalguapa,0.0010006482522821557,42.43593359321722,forecast_share_ciudad_desde_pais_future
2026-05-20,42497.99595655196,Antigua guatemala,0.03328991628366313,1414.754727617069,forecast_share_ciudad_desde_pais_future
2026-05-20,42497.99595655196,Barberena,0.006755319261667707,287.0875306675718,forecast_share_ciudad_desde_pais_future
2026-05-20,42497.99595655196,Chimaltenango,0.01724608215214886,732.9239295683851,forecast_share_ciudad_desde_pais_future
2026-05-20,42497.99595655196,Chiquimula,0.01689917422019962,718.1810376791105,forecast_share_ciudad_desde_pais_future
2026-05-20,42497.99595655196,Ciudad de guatemala,0.731464935283733,31085.793862047627,forecast_share_ciudad_desde_pais_future
2026-05-20,42497.99595655196,Coatepeque,0.005006846560396231,212.7809448787951,forecast_share_ciudad_desde_pais_future
2026-05-20,42497.99595655196,Coban,0.014323415053997542,608.716435048803,forecast_share_ciudad_desde_pais_future
2026-05-20,42497.99595655196,Escuintla,0.013229041957277216,562.2077716094234,forecast_share_ciudad_desde_pais_future
2026-05-20,42497.99595655196,Huehuetenango,0.02874276055944153,1221.5097220352873,forecast_share_ciudad_desde_pais_future
2026-05-20,42497.99595655196,Jalapa,0.010386322137161246,441.3978761885247,forecast_share_ciudad_desde_pais_future
2026-05-20,42497.99595655196,Jutiapa,0.015668024604304144,665.8596462808741,forecast_share_ciudad_desde_pais_future
2026-05-20,42497.99595655196,Mazatenango,0.02025782470381362,860.9169523512096,forecast_share_ciudad_desde_pais_future
2026-05-20,42497.99595655196,Quetzaltenango,0.07521807282127557,3196.6173546182004,forecast_share_ciudad_desde_pais_future
2026-05-20,42497.99595655196,Retalhuleu,0.010394277717949398,441.73597242869164,forecast_share_ciudad_desde_pais_future
2026-05-20,42497.99595655196,Santa lucía cotzumalguapa,0.0011179866829712096,47.512193532389404,forecast_share_ciudad_desde_pais_future
2026-05-21,45832.69856526014,Antigua guatemala,0.03211219168814103,1471.78840191242,forecast_share_ciudad_desde_pais_future
2026-05-21,45832.69856526014,Barberena,0.006950660962261953,318.5675487126731,forecast_share_ciudad_desde_pais_future
2026-05-21,45832.69856526014,Chimaltenango,0.017972628734067568,823.7340751938518,forecast_share_ciudad_desde_pais_future
2026-05-21,45832.69856526014,Chiquimula,0.01657567687388118,759.7080016757498,forecast_share_ciudad_desde_pais_future
2026-05-21,45832.69856526014,Ciudad de guatemala,0.7314767148274656,33525.551778193985,forecast_share_ciudad_desde_pais_future
2026-05-21,45832.69856526014,Coatepeque,0.005105333414202962,233.99120744831475,forecast_share_ciudad_desde_pais_future
2026-05-21,45832.69856526014,Coban,0.014243253116356625,652.8067266706753,forecast_share_ciudad_desde_pais_future
2026-05-21,45832.69856526014,Escuintla,0.012974105228845359,594.6382541076348,forecast_share_ciudad_desde_pais_future
2026-05-21,45832.69856526014,Huehuetenango,0.02879147334354823,1319.5909190045686,forecast_share_ciudad_desde_pais_future
2026-05-21,45832.69856526014,Jalapa,0.010590717810520936,485.40117699933796,forecast_share_ciudad_desde_pais_future
2026-05-21,45832.69856526014,Jutiapa,0.015264127242339947,699.5961427599424,forecast_share_ciudad_desde_pais_future
2026-05-21,45832.69856526014,Mazatenango,0.020997421713526056,962.3685000436878,forecast_share_ciudad_desde_pais_future
2026-05-21,45832.69856526014,Quetzaltenango,0.07537364329579697,3454.577472941704,forecast_share_ciudad_desde_pais_future
2026-05-21,45832.69856526014,Retalhuleu,0.010558539775465855,483.9263708182361,forecast_share_ciudad_desde_pais_future
2026-05-21,45832.69856526014,Santa lucía cotzumalguapa,0.0010135119735797979,46.451988777364775,forecast_share_ciudad_desde_pais_future
2026-05-22,48847.4699232569,Antigua guatemala,0.032730655852773266,1598.8097273368144,forecast_share_ciudad_desde_pais_future
2026-05-22,48847.4699232569,Barberena,0.0065203054577212365,318.5004247364859,forecast_share_ciudad_desde_pais_future
2026-05-22,48847.4699232569,Chimaltenango,0.017168753182943777,838.6501547236672,forecast_share_ciudad_desde_pais_future
2026-05-22,48847.4699232569,Chiquimula,0.014727684329312395,719.4101173153091,forecast_share_ciudad_desde_pais_future
2026-05-22,48847.4699232569,Ciudad de guatemala,0.747140547114288,36495.92540361088,forecast_share_ciudad_desde_pais_future
2026-05-22,48847.4699232569,Coatepeque,0.0046317999955189345,226.25171097165259,forecast_share_ciudad_desde_pais_future
2026-05-22,48847.4699232569,Coban,0.013525427581199624,660.6829169718379,forecast_share_ciudad_desde_pais_future
2026-05-22,48847.4699232569,Escuintla,0.01224234343027469,598.0075025005245,forecast_share_ciudad_desde_pais_future
2026-05-22,48847.4699232569,Huehuetenango,0.027660568728750962,1351.148799037843,forecast_share_ciudad_desde_pais_future
2026-05-22,48847.4699232569,Jalapa,0.009735636472505811,475.56120977449046,forecast_share_ciudad_desde_pais_future
2026-05-22,48847.4699232569,Jutiapa,0.01437112576511403,701.9931335747498,forecast_share_ciudad_desde_pais_future
2026-05-22,48847.4699232569,Mazatenango,0.01970662031773457,962.6185432595826,forecast_share_ciudad_desde_pais_future
2026-05-22,48847.4699232569,Quetzaltenango,0.06911486949005334,3376.086508665206,forecast_share_ciudad_desde_pais_future
2026-05-22,48847.4699232569,Retalhuleu,0.009701180029211687,473.87809969701834,forecast_share_ciudad_desde_pais_future
2026-05-22,48847.4699232569,Santa lucía cotzumalguapa,0.0010224822525976137,49.945671080825896,forecast_share_ciudad_desde_pais_future
2026-05-23,51340.155358733915,Antigua guatemala,0.03486795586179887,1790.1262709862308,forecast_share_ciudad_desde_pais_future
2026-05-23,51340.155358733915,Barberena,0.0072658974669982486,373.0323047763213,forecast_share_ciudad_desde_pais_future
2026-05-23,51340.155358733915,Chimaltenango,0.019851457964195067,1019.1769359791505,forecast_share_ciudad_desde_pais_future
2026-05-23,51340.155358733915,Chiquimula,0.015392791369734817,790.2683003267641,forecast_share_ciudad_desde_pais_future
2026-05-23,51340.155358733915,Ciudad de guatemala,0.7251491661715674,37229.27084950463,forecast_share_ciudad_desde_pais_future
2026-05-23,51340.155358733915,Coatepeque,0.00513820934015736,263.79646578937655,forecast_share_ciudad_desde_pais_future
2026-05-23,51340.155358733915,Coban,0.014816389183789651,760.6757225512255,forecast_share_ciudad_desde_pais_future
2026-05-23,51340.155358733915,Escuintla,0.013086867533301032,671.8818123188458,forecast_share_ciudad_desde_pais_future
2026-05-23,51340.155358733915,Huehuetenango,0.030844672634748004,1583.570285057251,forecast_share_ciudad_desde_pais_future
2026-05-23,51340.155358733915,Jalapa,0.010893051349216464,559.2509485994393,forecast_share_ciudad_desde_pais_future
2026-05-23,51340.155358733915,Jutiapa,0.015383543898371512,789.7935337102966,forecast_share_ciudad_desde_pais_future
2026-05-23,51340.155358733915,Mazatenango,0.020939970953365344,1075.0613619531523,forecast_share_ciudad_desde_pais_future
2026-05-23,51340.155358733915,Quetzaltenango,0.07506036168315901,3853.610630096142,forecast_share_ciudad_desde_pais_future
2026-05-23,51340.155358733915,Retalhuleu,0.010293758925974691,528.4831824848947,forecast_share_ciudad_desde_pais_future
2026-05-23,51340.155358733915,Santa lucía cotzumalguapa,0.0010159056636225218,52.15675460019795,forecast_share_ciudad_desde_pais_future
2026-05-24,50255.56875405835,Antigua guatemala,0.042788703191280524,2150.3706151263946,forecast_share_ciudad_desde_pais_future
2026-05-24,50255.56875405835,Barberena,0.007709270257293406,387.4337614590259,forecast_share_ciudad_desde_pais_future
2026-05-24,50255.56875405835,Chimaltenango,0.020303664232696438,1020.3721938055912,forecast_share_ciudad_desde_pais_future
2026-05-24,50255.56875405835,Chiquimula,0.016735196937401352,841.0368403002805,forecast_share_ciudad_desde_pais_future
2026-05-24,50255.56875405835,Ciudad de guatemala,0.7180602606669588,36086.52679950541,forecast_share_ciudad_desde_pais_future
2026-05-24,50255.56875405835,Coatepeque,0.005187850706249988,260.7183878537365,forecast_share_ciudad_desde_pais_future
2026-05-24,50255.56875405835,Coban,0.015844578947265927,796.2783266634283,forecast_share_ciudad_desde_pais_future
2026-05-24,50255.56875405835,Escuintla,0.012990161196373116,652.82793913063,forecast_share_ciudad_desde_pais_future
2026-05-24,50255.56875405835,Huehuetenango,0.03107120012640627,1561.500834223717,forecast_share_ciudad_desde_pais_future
2026-05-24,50255.56875405835,Jalapa,0.011362743542110199,571.0411393152516,forecast_share_ciudad_desde_pais_future
2026-05-24,50255.56875405835,Jutiapa,0.014837589845184277,745.6715166091765,forecast_share_ciudad_desde_pais_future
2026-05-24,50255.56875405835,Mazatenango,0.020444115592601633,1027.4306567799078,forecast_share_ciudad_desde_pais_future
2026-05-24,50255.56875405835,Quetzaltenango,0.07040297470435002,3538.141535744693,forecast_share_ciudad_desde_pais_future
2026-05-24,50255.56875405835,Retalhuleu,0.011379029823490296,571.859615648897,forecast_share_ciudad_desde_pais_future
2026-05-24,50255.56875405835,Santa lucía cotzumalguapa,0.0008826602303376,44.35859189220424,forecast_share_ciudad_desde_pais_future
2026-05-25,43747.61773255625,Antigua guatemala,0.03387629611276714,1482.0072525362184,forecast_share_ciudad_desde_pais_future
2026-05-25,43747.61773255625,Barberena,0.006879674617889882,300.96937530781656,forecast_share_ciudad_desde_pais_future
2026-05-25,43747.61773255625,Chimaltenango,0.017257315401193653,754.9664372615756,forecast_share_ciudad_desde_pais_future
2026-05-25,43747.61773255625,Chiquimula,0.01725054754375387,754.6703596214315,forecast_share_ciudad_desde_pais_future
2026-05-25,43747.61773255625,Ciudad de guatemala,0.7293558699970144,31907.58179162538,forecast_share_ciudad_desde_pais_future
2026-05-25,43747.61773255625,Coatepeque,0.005235722472747962,229.05038529153202,forecast_share_ciudad_desde_pais_future
2026-05-25,43747.61773255625,Coban,0.014478339319451451,633.3928539496007,forecast_share_ciudad_desde_pais_future
2026-05-25,43747.61773255625,Escuintla,0.013804731808327819,603.9241300511854,forecast_share_ciudad_desde_pais_future
2026-05-25,43747.61773255625,Huehuetenango,0.028900889303432566,1264.345057377492,forecast_share_ciudad_desde_pais_future
2026-05-25,43747.61773255625,Jalapa,0.010515665853527372,460.0353299634104,forecast_share_ciudad_desde_pais_future
2026-05-25,43747.61773255625,Jutiapa,0.01566413582522577,685.2686261928166,forecast_share_ciudad_desde_pais_future
2026-05-25,43747.61773255625,Mazatenango,0.02058010575425174,900.3305994325864,forecast_share_ciudad_desde_pais_future
2026-05-25,43747.61773255625,Quetzaltenango,0.07424106638202223,3247.8697921380417,forecast_share_ciudad_desde_pais_future
2026-05-25,43747.61773255625,Retalhuleu,0.010792665902677813,472.1534222255431,forecast_share_ciudad_desde_pais_future
2026-05-25,43747.61773255625,Santa lucía cotzumalguapa,0.0011669737057164401,51.052319581627415,forecast_share_ciudad_desde_pais_future
2026-05-26,44019.97275968312,Antigua guatemala,0.03282425621274535,1444.9228643419099,forecast_share_ciudad_desde_pais_future
2026-05-26,44019.97275968312,Barberena,0.0067831892360867676,298.59580539631526,forecast_share_ciudad_desde_pais_future
2026-05-26,44019.97275968312,Chimaltenango,0.017671575447043456,777.902269799538,forecast_share_ciudad_desde_pais_future
2026-05-26,44019.97275968312,Chiquimula,0.01735339102432177,763.8958001787739,forecast_share_ciudad_desde_pais_future
2026-05-26,44019.97275968312,Ciudad de guatemala,0.72971155469757,32121.88276021305,forecast_share_ciudad_desde_pais_future
2026-05-26,44019.97275968312,Coatepeque,0.00527454996050349,232.18554558095133,forecast_share_ciudad_desde_pais_future
2026-05-26,44019.97275968312,Coban,0.014231346651863517,626.4634919486396,forecast_share_ciudad_desde_pais_future
2026-05-26,44019.97275968312,Escuintla,0.013509061036571835,594.6684988387888,forecast_share_ciudad_desde_pais_future
2026-05-26,44019.97275968312,Huehuetenango,0.028478397007194112,1253.6182604961261,forecast_share_ciudad_desde_pais_future
2026-05-26,44019.97275968312,Jalapa,0.010578812254376868,465.6790272674717,forecast_share_ciudad_desde_pais_future
2026-05-26,44019.97275968312,Jutiapa,0.016022512921729647,705.3105823562099,forecast_share_ciudad_desde_pais_future
2026-05-26,44019.97275968312,Mazatenango,0.020523655631389862,903.4507618228988,forecast_share_ciudad_desde_pais_future
2026-05-26,44019.97275968312,Quetzaltenango,0.07548085306946739,3322.6650959955987,forecast_share_ciudad_desde_pais_future
2026-05-26,44019.97275968312,Retalhuleu,0.010556196596853735,464.6834866393611,forecast_share_ciudad_desde_pais_future
2026-05-26,44019.97275968312,Santa lucía cotzumalguapa,0.0010006482522821557,44.04850880748502,forecast_share_ciudad_desde_pais_future
2026-05-27,43705.720971222654,Antigua guatemala,0.03328991628366313,1454.9597922491423,forecast_share_ciudad_desde_pais_future
2026-05-27,43705.720971222654,Barberena,0.006755319261667707,295.24609872197465,forecast_share_ciudad_desde_pais_future
2026-05-27,43705.720971222654,Chimaltenango,0.01724608215214886,753.7524543886011,forecast_share_ciudad_desde_pais_future
2026-05-27,43705.720971222654,Chiquimula,0.01689917422019962,738.5905931121237,forecast_share_ciudad_desde_pais_future
2026-05-27,43705.720971222654,Ciudad de guatemala,0.731464935283733,31969.202361744272,forecast_share_ciudad_desde_pais_future
2026-05-27,43705.720971222654,Coatepeque,0.005006846560396231,218.82783871440355,forecast_share_ciudad_desde_pais_future
2026-05-27,43705.720971222654,Coban,0.014323415053997542,626.0151817050266,forecast_share_ciudad_desde_pais_future
2026-05-27,43705.720971222654,Escuintla,0.013229041957277216,578.1848165013553,forecast_share_ciudad_desde_pais_future
2026-05-27,43705.720971222654,Huehuetenango,0.02874276055944153,1256.223072953615,forecast_share_ciudad_desde_pais_future
2026-05-27,43705.720971222654,Jalapa,0.010386322137161246,453.94169724400234,forecast_share_ciudad_desde_pais_future
2026-05-27,43705.720971222654,Jutiapa,0.015668024604304144,684.7823115259681,forecast_share_ciudad_desde_pais_future
2026-05-27,43705.720971222654,Mazatenango,0.02025782470381362,885.3828339888192,forecast_share_ciudad_desde_pais_future
2026-05-27,43705.720971222654,Quetzaltenango,0.07521807282127557,3287.4601027197764,forecast_share_ciudad_desde_pais_future
2026-05-27,43705.720971222654,Retalhuleu,0.010394277717949398,454.28940163809335,forecast_share_ciudad_desde_pais_future
2026-05-27,43705.720971222654,Santa lucía cotzumalguapa,0.0011179866829712096,48.86241401548245,forecast_share_ciudad_desde_pais_future
2026-05-28,47322.163547514334,Antigua guatemala,0.03211219168814103,1519.6183869353401,forecast_share_ciudad_desde_pais_future
2026-05-28,47322.163547514334,Barberena,0.006950660962261953,328.9203148194835,forecast_share_ciudad_desde_pais_future
2026-05-28,47322.163547514334,Chimaltenango,0.017972628734067568,850.503676332301,forecast_share_ciudad_desde_pais_future
2026-05-28,47322.163547514334,Chiquimula,0.01657567687388118,784.3968919365564,forecast_share_ciudad_desde_pais_future
2026-05-28,47322.163547514334,Ciudad de guatemala,0.7314767148274656,34615.06073026383,forecast_share_ciudad_desde_pais_future
2026-05-28,47322.163547514334,Coatepeque,0.005105333414202962,241.5954227915023,forecast_share_ciudad_desde_pais_future
2026-05-28,47322.163547514334,Coban,0.014243253116356625,674.0215534208714,forecast_share_ciudad_desde_pais_future
2026-05-28,47322.163547514334,Escuintla,0.012974105228845359,613.962729522081,forecast_share_ciudad_desde_pais_future
2026-05-28,47322.163547514334,Huehuetenango,0.02879147334354823,1362.4748103372888,forecast_share_ciudad_desde_pais_future
2026-05-28,47322.163547514334,Jalapa,0.010590717810520936,501.17568031504464,forecast_share_ciudad_desde_pais_future
2026-05-28,47322.163547514334,Jutiapa,0.015264127242339947,722.33152577208,forecast_share_ciudad_desde_pais_future
2026-05-28,47322.163547514334,Mazatenango,0.020997421713526056,993.6434244036087,forecast_share_ciudad_desde_pais_future
2026-05-28,47322.163547514334,Quetzaltenango,0.07537364329579697,3566.8438752157117,forecast_share_ciudad_desde_pais_future
2026-05-28,47322.163547514334,Retalhuleu,0.010558539775465855,499.6529460775305,forecast_share_ciudad_desde_pais_future
2026-05-28,47322.163547514334,Santa lucía cotzumalguapa,0.0010135119735797979,47.96157937110722,forecast_share_ciudad_desde_pais_future
2026-05-29,49989.1709792877,Antigua guatemala,0.032730655852773266,1636.1783516885064,forecast_share_ciudad_desde_pais_future
2026-05-29,49989.1709792877,Barberena,0.0065203054577212365,325.94466436320965,forecast_share_ciudad_desde_pais_future
2026-05-29,49989.1709792877,Chimaltenango,0.017168753182943777,858.2517383633664,forecast_share_ciudad_desde_pais_future
2026-05-29,49989.1709792877,Chiquimula,0.014727684329312395,736.2247300669734,forecast_share_ciudad_desde_pais_future
2026-05-29,49989.1709792877,Ciudad de guatemala,0.747140547114288,37348.9365552547,forecast_share_ciudad_desde_pais_future
2026-05-29,49989.1709792877,Coatepeque,0.0046317999955189345,231.53984191786003,forecast_share_ciudad_desde_pais_future
2026-05-29,49989.1709792877,Coban,0.013525427581199624,676.1249119245617,forecast_share_ciudad_desde_pais_future
2026-05-29,49989.1709792877,Escuintla,0.01224234343027469,611.984598923161,forecast_share_ciudad_desde_pais_future
2026-05-29,49989.1709792877,Huehuetenango,0.027660568728750962,1382.7288995658705,forecast_share_ciudad_desde_pais_future
2026-05-29,49989.1709792877,Jalapa,0.009735636472505811,486.6763962162824,forecast_share_ciudad_desde_pais_future
2026-05-29,49989.1709792877,Jutiapa,0.01437112576511403,718.4006630371321,forecast_share_ciudad_desde_pais_future
2026-05-29,49989.1709792877,Mazatenango,0.01970662031773457,985.1176124871383,forecast_share_ciudad_desde_pais_future
2026-05-29,49989.1709792877,Quetzaltenango,0.06911486949005334,3454.9950281494316,forecast_share_ciudad_desde_pais_future
2026-05-29,49989.1709792877,Retalhuleu,0.009701180029211687,484.9539471811143,forecast_share_ciudad_desde_pais_future
2026-05-29,49989.1709792877,Santa lucía cotzumalguapa,0.0010224822525976137,51.11304014838935,forecast_share_ciudad_desde_pais_future
2026-05-30,52456.97291934377,Antigua guatemala,0.03486795586179887,1829.067416395257,forecast_share_ciudad_desde_pais_future
2026-05-30,52456.97291934377,Barberena,0.0072658974669982486,381.1469866610556,forecast_share_ciudad_desde_pais_future
2026-05-30,52456.97291934377,Chimaltenango,0.019851457964195067,1041.3473928372719,forecast_share_ciudad_desde_pais_future
2026-05-30,52456.97291934377,Chiquimula,0.015392791369734817,807.4592400352877,forecast_share_ciudad_desde_pais_future
2026-05-30,52456.97291934377,Ciudad de guatemala,0.7251491661715674,38039.130172346624,forecast_share_ciudad_desde_pais_future
2026-05-30,52456.97291934377,Coatepeque,0.00513820934015736,269.53490821055385,forecast_share_ciudad_desde_pais_future
2026-05-30,52456.97291934377,Coban,0.014816389183789651,777.2229261765116,forecast_share_ciudad_desde_pais_future
2026-05-30,52456.97291934377,Escuintla,0.013086867533301032,686.4974557934114,forecast_share_ciudad_desde_pais_future
2026-05-30,52456.97291934377,Huehuetenango,0.030844672634748004,1618.0181571069998,forecast_share_ciudad_desde_pais_future
2026-05-30,52456.97291934377,Jalapa,0.010893051349216464,571.4164996348692,forecast_share_ciudad_desde_pais_future
2026-05-30,52456.97291934377,Jutiapa,0.015383543898371512,806.9741456804104,forecast_share_ciudad_desde_pais_future
2026-05-30,52456.97291934377,Mazatenango,0.020939970953365344,1098.4474892325309,forecast_share_ciudad_desde_pais_future
2026-05-30,52456.97291934377,Quetzaltenango,0.07506036168315901,3937.4393601296206,forecast_share_ciudad_desde_pais_future
2026-05-30,52456.97291934377,Retalhuleu,0.010293758925974691,539.9794332181076,forecast_share_ciudad_desde_pais_future
2026-05-30,52456.97291934377,Santa lucía cotzumalguapa,0.0010159056636225218,53.29133588525459,forecast_share_ciudad_desde_pais_future
2026-05-31,52015.8888537075,Antigua guatemala,0.042788703191280524,2225.6924293919274,forecast_share_ciudad_desde_pais_future
2026-05-31,52015.8888537075,Barberena,0.007709270257293406,401.00454484656683,forecast_share_ciudad_desde_pais_future
2026-05-31,52015.8888537075,Chimaltenango,0.020303664232696438,1056.1131420509344,forecast_share_ciudad_desde_pais_future
2026-05-31,52015.8888537075,Chiquimula,0.016735196937401352,870.496143840775,forecast_share_ciudad_desde_pais_future
2026-05-31,52015.8888537075,Ciudad de guatemala,0.7180602606669588,37350.542709116766,forecast_share_ciudad_desde_pais_future
2026-05-31,52015.8888537075,Coatepeque,0.005187850706249988,269.85066572592734,forecast_share_ciudad_desde_pais_future
2026-05-31,52015.8888537075,Coban,0.015844578947265927,824.1698574547783,forecast_share_ciudad_desde_pais_future
2026-05-31,52015.8888537075,Escuintla,0.012990161196373116,675.6947809822881,forecast_share_ciudad_desde_pais_future
2026-05-31,52015.8888537075,Huehuetenango,0.03107120012640627,1616.1960923264512,forecast_share_ciudad_desde_pais_future
2026-05-31,52015.8888537075,Jalapa,0.011362743542110199,591.0432051595868,forecast_share_ciudad_desde_pais_future
2026-05-31,52015.8888537075,Jutiapa,0.014837589845184277,771.7904242440045,forecast_share_ciudad_desde_pais_future
2026-05-31,52015.8888537075,Mazatenango,0.020444115592601633,1063.418844377115,forecast_share_ciudad_desde_pais_future
2026-05-31,52015.8888537075,Quetzaltenango,0.07040297470435002,3662.073307191851,forecast_share_ciudad_desde_pais_future
2026-05-31,52015.8888537075,Retalhuleu,0.011379029823490296,591.8903505616942,forecast_share_ciudad_desde_pais_future
2026-05-31,52015.8888537075,Santa lucía cotzumalguapa,0.0008826602303376,45.91235643682846,forecast_share_ciudad_desde_pais_future
